grid_id,demand_score,supply_score,commercial_count,station_count,supply_demand_ratio,population_density,accessibility_score,transport_score,center_lat,center_lon,cluster,predicted_demand_score,demand,selected
GRID_011_036,1372.5,27.15053,200,1,50.55149936299586,2400,0.0,41.97988204819134,37.45175,126.90440000000004,1,1513.0968017578125,1513.0968017578125,0
GRID_011_037,911.5,27.15053,200,0,33.57208864799324,2400,0.0,23.028948800047523,37.45175,126.91000000000004,1,912.1928100585938,912.1928100585938,0
GRID_012_035,883.0,27.15053,200,1,32.52238538253213,2400,0.0,31.888855359379928,37.45625,126.89880000000004,1,931.3103637695312,931.3103637695312,0
GRID_012_036,952.5,27.15053,200,0,35.082188082516254,2400,0.0,33.98020439051205,37.45625,126.90440000000004,1,954.096435546875,954.096435546875,0
GRID_014_033,946.5,27.15053,200,0,34.861197921366546,2400,0.0,32.42340569517212,37.46525,126.88760000000003,1,942.9371337890624,942.9371337890624,0
GRID_014_035,740.5,27.15053,200,1,27.273869055226548,2400,0.0,46.368991014151014,37.46525,126.89880000000004,1,740.0451049804688,740.0451049804688,0
GRID_015_035,1192.0,27.15053,200,0,43.903378681742126,2400,0.0,58.07680083976243,37.46975,126.89880000000004,1,1211.3370361328125,1211.3370361328125,0
GRID_015_041,1133.0,43.30896,200,1,26.160868328401328,2400,14.43394130850055,35.07202179912164,37.46975,126.93240000000004,1,1132.74609375,1132.74609375,0
GRID_015_042,1627.0,43.30896,200,1,37.56728399850747,2400,16.24583592443045,53.88546512637022,37.46975,126.93800000000005,1,1628.64501953125,1628.64501953125,0
GRID_015_060,997.0,188.96379,200,0,5.27614311715488,2400,8.58550661953717,79.81204272465934,37.46975,127.03880000000008,1,1002.2959594726562,1002.2959594726562,0
GRID_015_061,908.5,188.96379,200,0,4.807799420195796,2400,6.125113049296331,55.19228698284352,37.46975,127.04440000000008,1,923.5526123046876,923.5526123046876,0
GRID_016_032,1052.5,27.15053,200,1,38.76535743501139,2400,0.0,54.25438100674588,37.47425,126.88200000000003,1,1098.48291015625,1098.48291015625,0
GRID_016_033,856.5,27.15053,200,0,31.54634550412091,2400,0.0,77.72362006749748,37.47425,126.88760000000003,1,856.38037109375,856.38037109375,0
GRID_016_034,722.0,27.15053,200,1,26.592482725014943,2400,0.0,65.86264169616031,37.47425,126.89320000000004,1,721.6951904296875,721.6951904296875,0
GRID_016_035,1237.5,27.15053,200,0,45.579220737127415,2400,2.7326899724491938,26.129221372498822,37.47425,126.89880000000004,1,1236.389404296875,1236.389404296875,0
GRID_016_038,732.5,27.15053,200,1,26.979215507026936,2400,10.902040427424367,29.284904353058728,37.47425,126.91560000000004,1,857.0535888671875,857.0535888671875,0
GRID_016_047,1344.0,43.30896,200,3,31.03283939397298,2400,25.57822899178396,80.68093631449929,37.47425,126.96600000000004,1,1343.8294677734375,1343.8294677734375,0
GRID_016_050,732.0,43.30896,200,2,16.901814312788854,2400,26.100165088139235,45.41253809870768,37.47425,126.98280000000004,1,736.2714233398438,736.2714233398438,0
GRID_016_061,1504.0,188.96379,200,0,7.95919683871709,2400,9.070497636865,56.00970867250299,37.47425,127.04440000000008,1,1531.3572998046875,1531.3572998046875,0
GRID_016_062,902.0,188.96379,200,1,4.773401295560382,2400,6.382693907546653,33.32736181553018,37.47425,127.05000000000008,1,901.414794921875,901.414794921875,0
GRID_017_031,887.0,129.23721,200,0,6.8633484118080235,2400,0.0,33.241860770047325,37.47875,126.87640000000005,1,884.8256225585938,884.8256225585938,1
GRID_017_032,3288.5,27.15053,200,1,121.12102415680285,2400,0.0,30.35451194730185,37.47875,126.88200000000003,1,3288.0634765625,3288.0634765625,0
GRID_017_033,3313.5,27.15053,200,0,122.04181649492662,2400,0.0,58.86249157304357,37.47875,126.88760000000003,1,2923.773681640625,2923.773681640625,0
GRID_017_034,1060.0,27.15053,200,0,39.041595136448535,2400,2.3767158921833413,69.87655781854933,37.47875,126.89320000000004,1,1061.6087646484375,1061.6087646484375,0
GRID_017_035,1343.5,27.15053,200,0,49.48338025077227,2400,5.4350508909581805,60.70028943970888,37.47875,126.89880000000004,1,1343.39111328125,1343.39111328125,1
GRID_017_036,894.5,27.15053,200,1,32.94594985806907,2400,8.37634366608225,70.61674742027918,37.47875,126.90440000000004,1,894.469970703125,894.469970703125,0
GRID_017_045,2376.5,43.30896,200,0,54.87317174090535,2400,27.38792386938113,61.21867338083972,37.47875,126.95480000000003,1,2373.95849609375,2373.95849609375,1
GRID_017_046,1259.0,43.30896,200,0,29.070197021586296,2400,28.40191064002441,34.75974696171097,37.47875,126.96040000000004,1,1259.2486572265625,1259.2486572265625,0
GRID_017_049,989.0,43.30896,200,1,22.835921250475653,2400,29.797082681700985,51.92820446079998,37.47875,126.97720000000004,1,988.194091796875,988.194091796875,0
GRID_017_050,2307.0,43.30896,200,2,53.26842297760094,2400,29.69505280565062,46.634372763778416,37.47875,126.98280000000004,1,2307.351318359375,2307.351318359375,0
GRID_017_060,915.0,188.96379,200,1,4.842197544831208,2400,14.595728444025454,54.193595124553475,37.47875,127.03880000000008,1,954.90673828125,954.90673828125,0
GRID_017_061,1254.0,188.96379,200,1,6.636192045047361,2400,11.967197022886095,76.23459872449531,37.47875,127.04440000000008,1,1258.3431396484375,1258.3431396484375,1
GRID_017_062,863.5,188.96379,200,0,4.569658557335244,2400,9.193612559423542,51.621686377663515,37.47875,127.05000000000008,1,866.9253540039062,866.9253540039062,0
GRID_017_075,2918.5,252.56369,200,1,11.555501109442927,2400,0.0,42.82515583701869,37.47875,127.12280000000008,1,3065.53759765625,3065.53759765625,0
GRID_018_031,1343.5,129.23721,200,1,10.395612842462322,2400,0.0,32.6807631877811,37.48325,126.87640000000005,1,1348.699462890625,1348.699462890625,0
GRID_018_032,1482.0,129.23721,200,1,11.467285621532683,2400,0.0,24.264275097668303,37.48325,126.88200000000003,1,1481.0360107421875,1481.0360107421875,0
GRID_018_033,1395.5,27.15053,200,0,51.39862831406975,2400,1.6854924235730522,68.01159836935386,37.48325,126.88760000000003,1,1395.4071044921875,1395.4071044921875,1
GRID_018_034,1960.5,27.15053,200,0,72.2085351556673,2400,4.93252080761016,54.97174977137174,37.48325,126.89320000000004,1,1961.099853515625,1961.099853515625,0
GRID_018_035,2884.5,27.15053,200,1,106.24101997272246,2400,8.075848657734923,27.73946855331085,37.48325,126.89880000000004,1,2884.317138671875,2884.317138671875,0
GRID_018_036,844.5,27.15053,200,0,31.104365181821496,2400,11.104474803307184,32.405745325144885,37.48325,126.90440000000004,1,887.8426513671875,887.8426513671875,0
GRID_018_037,716.0,27.15053,200,1,26.371492563865235,2400,14.0062792990322,69.29387711711672,37.48325,126.91000000000004,1,715.8138427734375,715.8138427734375,0
GRID_018_038,1165.5,27.15053,200,0,42.92733880333091,2400,16.76799653981476,87.85977907101177,37.48325,126.91560000000004,1,1165.894287109375,1165.894287109375,0
GRID_018_040,2509.0,43.30896,200,4,57.93258485080224,2400,21.812522741830364,43.09680883531589,37.48325,126.92680000000004,1,2509.9921875,2509.9921875,0
GRID_018_041,1618.5,43.30896,200,1,37.3710197612688,2400,24.06351074748666,33.60174480057772,37.48325,126.93240000000004,1,1618.7008056640625,1618.7008056640625,0
GRID_018_042,777.0,43.30896,200,4,17.940860274640627,2400,26.1111645781491,40.37846688474,37.48325,126.93800000000005,1,776.9615478515625,776.9615478515625,1
GRID_018_043,1709.5,43.30896,200,3,39.47220159523573,2400,27.93814878871291,41.845246828148746,37.48325,126.94360000000005,1,1709.3599853515625,1709.3599853515625,0
GRID_018_044,1100.5,43.30896,200,4,25.410446244841715,2400,29.527298902351333,65.65329783010327,37.48325,126.94920000000003,1,1000.2486572265624,1000.2486572265624,0
GRID_018_045,1773.0,43.30896,200,2,40.938410896959894,2400,30.86221293678271,75.15388280500318,37.48325,126.95480000000003,1,1773.8524169921875,1773.8524169921875,0
GRID_018_048,1276.0,43.30896,200,2,29.462725496063634,2400,33.20348512085677,76.43338375884966,37.48325,126.97160000000004,1,1275.3883056640625,1275.3883056640625,0
GRID_018_049,822.5,43.30896,200,3,18.99145119162409,2400,33.39692499591395,80.79035522179575,37.48325,126.97720000000004,1,822.2213134765625,822.2213134765625,0
GRID_018_050,1259.5,43.30896,200,3,29.081741976717986,2400,33.28938914984934,58.504783662699225,37.48325,126.98280000000004,1,1261.1146240234375,1261.1146240234375,1
GRID_018_052,1304.5,188.96379,200,2,6.903439013368646,2400,32.18112357166899,69.11497066741657,37.48325,126.99400000000006,1,1303.899658203125,1303.899658203125,0
GRID_018_055,1114.5,188.96379,200,1,5.897955370179652,2400,28.417197596051636,63.942633066421514,37.48325,127.01080000000006,1,1113.8255615234375,1113.8255615234375,0
GRID_018_056,1446.0,188.96379,200,2,7.652259726585713,2400,26.65643586514736,61.922834413581654,37.48325,127.01640000000006,1,1443.8526611328125,1443.8526611328125,0
GRID_018_059,1026.0,188.96379,200,3,5.429611673220568,2400,20.089640221026883,32.48921657264641,37.48325,127.03320000000006,1,1025.645263671875,1025.645263671875,0
GRID_018_060,1465.0,188.96379,200,1,7.752808090904613,2400,17.52934097506784,57.19597598687661,37.48325,127.03880000000008,1,1456.3868408203125,1456.3868408203125,0
GRID_018_061,1384.5,188.96379,200,1,7.32680054734296,2400,14.81024474734454,35.25294671669503,37.48325,127.04440000000008,1,1385.6448974609375,1385.6448974609375,0
GRID_018_074,1454.0,252.56369,200,1,5.756963718735658,2400,0.0,40.636945337106226,37.48325,127.11720000000008,1,1452.6258544921875,1452.6258544921875,0
GRID_018_075,2431.5,252.56369,200,0,9.62727460942624,2400,0.0,57.96167878147504,37.48325,127.12280000000008,1,2428.5986328125,2428.5986328125,1
GRID_018_076,781.0,252.56369,200,1,3.092289315221836,2400,0.0,40.413440199454136,37.48325,127.12840000000008,1,780.9791259765625,780.9791259765625,0
GRID_019_027,863.0,129.23721,200,1,6.677643381499801,2400,0.0,60.00780357424408,37.48775,126.85400000000004,1,861.5848999023438,861.5848999023438,0
GRID_019_033,1426.0,129.23721,200,1,11.033973884146834,2400,4.087631663088956,37.72838827502397,37.48775,126.88760000000003,1,1422.407470703125,1422.407470703125,0
GRID_019_034,1323.5,27.15053,200,0,48.74674638027324,2400,7.418870173261226,27.654018802620048,37.48775,126.89320000000004,1,1325.356689453125,1325.356689453125,0
GRID_019_036,746.5,27.15053,200,0,27.494859216376256,2400,13.768599686681242,38.93301238986176,37.48775,126.90440000000004,1,732.680908203125,732.680908203125,0
GRID_019_038,834.5,32.587030000000006,200,0,25.60834786109688,2400,19.619614332871777,40.71533374915539,37.48775,126.91560000000004,1,832.400634765625,832.400634765625,0
GRID_019_040,1520.0,43.30896,200,3,35.096663600326586,2400,24.855328864936936,67.75863738284343,37.48775,126.92680000000004,1,1516.85888671875,1516.85888671875,1
GRID_019_041,930.0,43.30896,200,0,21.47361654493666,2400,27.200340660157902,55.26097847117384,37.48775,126.93240000000004,1,930.305419921875,930.305419921875,0
GRID_019_042,741.0,43.30896,200,1,17.10962350515921,2400,29.33883669230069,64.28115387581892,37.48775,126.93800000000005,1,741.5005493164062,741.5005493164062,0
GRID_019_044,778.5,43.30896,200,2,17.975495140035687,2400,32.919141329299336,82.72806376897316,37.48775,126.94920000000003,1,822.6709594726562,822.6709594726562,0
GRID_019_050,2290.0,43.30896,200,0,52.8758945031236,2400,36.88307992304898,63.14525440087708,37.48775,126.98280000000004,1,2291.367919921875,2291.367919921875,0
GRID_019_052,1330.5,188.96379,200,3,7.041031511910298,2400,35.71283176246432,96.59126927929049,37.48775,126.99400000000006,1,1361.58056640625,1361.58056640625,0
GRID_019_055,2101.5,188.96379,200,4,11.121178295587743,2400,31.75384552956335,60.77013719301286,37.48775,127.01080000000006,1,2098.9052734375,2098.9052734375,1
GRID_019_056,2168.0,188.96379,200,2,11.47309757070389,2400,29.909213158909196,81.79502281674797,37.48775,127.01640000000006,1,2185.294189453125,2185.294189453125,0
GRID_019_058,748.0,188.96379,200,0,3.9584303426598297,2400,25.545299678231643,66.11372812670972,37.48775,127.02760000000006,1,790.56298828125,790.56298828125,0
GRID_019_059,1551.5,188.96379,200,1,8.210567749514338,2400,23.064276178065953,84.45504170768385,37.48775,127.03320000000006,1,1551.164306640625,1551.164306640625,0
GRID_019_065,780.0,188.96379,200,0,4.127774956249555,2400,5.049056876667407,49.30926034304101,37.48775,127.06680000000009,1,751.30908203125,751.30908203125,0
GRID_019_071,1545.5,252.56369,200,0,6.119248574488281,2400,0.0,29.200018530774734,37.48775,127.10040000000008,1,1546.3656005859375,1546.3656005859375,0
GRID_019_075,2809.5,252.56369,200,1,11.123926800404286,2400,0.0,28.200396417566783,37.48775,127.12280000000008,1,2878.037109375,2878.037109375,0
GRID_020_025,722.0,129.23721,200,0,5.586626328438999,2400,0.0,72.3542925653912,37.49225,126.84280000000004,1,758.4534301757812,758.4534301757812,0
GRID_020_032,728.5,129.23721,200,0,5.636921440814143,2400,2.909320735741389,26.136217577743455,37.49225,126.88200000000003,1,806.6260375976562,806.6260375976562,0
GRID_020_033,1126.5,129.23721,200,1,8.716529860092152,2400,6.412915421008634,79.86688769158917,37.49225,126.88760000000003,1,1127.7061767578125,1127.7061767578125,0
GRID_020_034,964.5,130.19135,200,0,7.40832628281372,2400,9.830018298796103,35.43424350125294,37.49225,126.89320000000004,1,963.8876342773438,963.8876342773438,1
GRID_020_035,1723.0,130.19135,200,0,13.234366184850222,2400,13.150419690158415,77.61060374215594,37.49225,126.89880000000004,1,1736.1058349609375,1736.1058349609375,0
GRID_020_040,1591.5,32.587030000000006,200,4,48.83844891663953,2400,27.8468185039858,42.567106077947926,37.49225,126.92680000000004,1,1590.2388916015625,1590.2388916015625,0
GRID_020_050,733.0,43.30896,200,3,16.924904223052227,2400,40.47600819837256,43.89955169707122,37.49225,126.98280000000004,1,744.2630615234375,744.2630615234375,0
GRID_020_051,1081.5,43.30896,200,3,24.97173794983763,2400,40.020150050198176,93.10244173895188,37.49225,126.98840000000006,1,1082.4185791015625,1082.4185791015625,0
GRID_020_055,4131.5,188.96379,200,2,21.863977220185944,2400,35.062356063661454,52.50941706726021,37.49225,127.01080000000006,1,4131.40673828125,4131.40673828125,0
GRID_020_056,1825.5,188.96379,200,0,9.66058100337636,2400,33.126399827710685,52.680643594132626,37.49225,127.01640000000006,1,1828.576416015625,1828.576416015625,0
GRID_020_058,2495.5,188.96379,200,2,13.206233850411236,2400,28.56567771719031,57.889217642085725,37.49225,127.02760000000006,1,2497.060302734375,2497.060302734375,0
GRID_020_059,2749.5,188.96379,200,0,14.55040672077968,2400,25.983342415339393,80.17094828627422,37.49225,127.03320000000006,1,2637.064697265625,2637.064697265625,1
GRID_020_060,1112.5,188.96379,200,0,5.887371331830295,2400,23.22624406734684,33.96199912237121,37.49225,127.03880000000008,1,1093.439697265625,1093.439697265625,0
GRID_020_064,789.5,244.96785,200,0,3.222871899312502,2400,10.78904999940002,49.249516583911046,37.49225,127.06120000000008,1,789.7959594726562,789.7959594726562,0
GRID_020_068,838.0,252.56369,200,0,3.3179749630677313,2400,0.0,61.94010732408906,37.49225,127.08360000000008,1,839.2196044921875,839.2196044921875,0
GRID_020_074,822.0,252.56369,200,1,3.2546246057776553,2400,0.0,41.57439551303628,37.49225,127.11720000000008,1,809.85986328125,809.85986328125,0
GRID_020_075,822.0,252.56369,200,1,3.2546246057776553,2400,0.0,26.776725762811708,37.49225,127.12280000000008,1,822.0383911132812,822.0383911132812,0
GRID_020_079,1001.5,172.63293000000002,200,1,5.801326548764479,2400,0.0,58.92966420128725,37.49225,127.14520000000007,1,1002.4501342773438,1002.4501342773438,0
GRID_021_025,1111.5,129.23721,200,1,8.600464216149513,2400,0.0,29.18260103856619,37.49675,126.84280000000004,1,1108.546875,1108.546875,0
GRID_021_035,1103.5,130.19135,200,1,8.47598553974592,2400,15.571748804114064,34.41196673809345,37.49675,126.89880000000004,1,1103.5953369140625,1103.5953369140625,0
GRID_021_040,822.5,32.587030000000006,200,4,25.240103194430414,2400,30.78033805343489,86.47815664275751,37.49675,126.92680000000004,1,821.565673828125,821.565673828125,0
GRID_021_045,913.5,43.30896,200,4,21.09263302559101,2400,41.19427238781298,58.27875986914323,37.49675,126.95480000000003,1,910.5114135742188,910.5114135742188,0
GRID_021_053,762.0,188.96379,200,2,4.032518611105334,2400,41.585631904456335,97.53464020031863,37.49675,126.99960000000006,1,762.6937255859375,762.6937255859375,0
GRID_021_056,1593.5,188.96379,200,4,8.432832554850853,2400,36.302602878899336,81.31794944843384,37.49675,127.01640000000006,1,1686.5802001953125,1686.5802001953125,0
GRID_021_057,963.0,188.96379,200,1,5.096214465215796,2400,34.0251563093648,68.43394350687264,37.49675,127.02200000000006,1,964.7700805664062,964.7700805664062,1
GRID_021_058,4838.0,188.96379,200,1,25.6027887670966,2400,31.529989046267065,94.6974271492293,37.49675,127.02760000000006,1,4836.07568359375,4836.07568359375,0
GRID_021_059,2746.0,188.96379,200,3,14.531884653668303,2400,28.83999999996567,55.1863754133016,37.49675,127.03320000000006,1,2636.186767578125,2636.186767578125,0
GRID_021_060,1867.0,188.96379,200,2,9.880199799125537,2400,25.9764253767316,87.81464950156823,37.49675,127.03880000000008,1,1866.791748046875,1866.791748046875,0
GRID_021_061,893.0,188.96379,200,4,4.725773122988272,2400,22.958618911605058,87.95618797297959,37.49675,127.04440000000008,1,893.071044921875,893.071044921875,0
GRID_021_062,784.5,244.96785,200,0,3.2024610576449115,2400,19.80399012414628,70.06328778491861,37.49675,127.05000000000008,1,783.729736328125,783.729736328125,0
GRID_021_063,1459.0,244.96785,200,1,5.955883598602837,2400,16.528050220395755,67.77372572600433,37.49675,127.05560000000008,1,1459.34912109375,1459.34912109375,0
GRID_021_064,713.0,244.96785,200,0,2.9105860217983706,2400,13.144524640011696,55.92672944594644,37.49675,127.06120000000008,1,713.466552734375,713.466552734375,0
GRID_021_074,875.5,252.56369,200,1,3.466452362966347,2400,0.0,42.310720698227,37.49675,127.11720000000008,1,877.8899536132812,877.8899536132812,0
GRID_021_075,1240.0,252.56369,200,1,4.909652689980891,2400,0.0,76.23827053494857,37.49675,127.12280000000008,1,1240.1468505859375,1240.1468505859375,0
GRID_021_077,868.5,252.56369,200,1,3.438736581651938,2400,0.0,61.79044287787692,37.49675,127.13400000000009,1,866.1195678710938,866.1195678710938,0
GRID_021_079,765.0,172.63293000000002,200,0,4.431367758167575,2400,0.0,75.2502125263976,37.49675,127.14520000000007,1,765.8260498046875,765.8260498046875,0
GRID_021_080,1342.0,172.63293000000002,200,0,7.773719648968478,2400,0.0,79.89611971625516,37.49675,127.15080000000007,1,1339.8753662109375,1339.8753662109375,0
GRID_022_026,1103.5,129.23721,200,0,8.538562539380106,2400,0.0,53.23348302274449,37.50125,126.84840000000004,1,1105.818359375,1105.818359375,0
GRID_022_029,776.0,247.63462,200,1,3.1336490834762927,2400,0.0,44.16097769191397,37.50125,126.86520000000004,1,776.9139404296875,776.9139404296875,0
GRID_022_032,909.5,118.39741,200,0,7.681755876247631,2400,7.139459402849056,80.13450166878903,37.50125,126.88200000000003,1,916.6388549804688,916.6388549804688,0
GRID_022_039,742.5,32.587030000000006,200,0,22.785138749987336,2400,30.79282118163981,84.88447590610156,37.50125,126.92120000000004,1,743.6463623046875,743.6463623046875,0
GRID_022_041,1144.5,32.587030000000006,200,0,35.12133508331382,2400,36.31616845700139,44.182434135387645,37.50125,126.93240000000004,1,1144.235595703125,1144.235595703125,0
GRID_022_044,759.0,32.587030000000006,200,0,23.29147516665372,2400,42.94141957603149,70.86166712561848,37.50125,126.94920000000003,1,758.7077026367188,758.7077026367188,0
GRID_022_055,1021.5,188.96379,200,3,5.405797586934513,2400,41.57588169255211,65.06249906781258,37.50125,127.01080000000006,1,1020.7266235351562,1020.7266235351562,0
GRID_022_057,1374.0,188.96379,200,2,7.271234346008831,2400,37.040648033800906,62.02662678851008,37.50125,127.02200000000006,1,1378.1795654296875,1378.1795654296875,0
GRID_022_058,3090.5,188.96379,200,3,16.35498525934519,2400,34.43062910165831,46.912992388578424,37.50125,127.02760000000006,1,3090.80859375,3090.80859375,0
GRID_022_059,3011.0,188.96379,200,2,15.934269734958216,2400,31.626426157433613,55.23750508559183,37.50125,127.03320000000006,1,3169.990478515625,3169.990478515625,0
GRID_022_060,3120.0,433.93164,200,3,7.190072611437138,2400,28.650931330489144,36.85908719125741,37.50125,127.03880000000008,1,3119.5068359375,3119.5068359375,1
GRID_022_061,1640.5,244.96785,200,2,6.696797151136363,2400,25.524672541792143,46.94561290575096,37.50125,127.04440000000008,1,1635.9940185546875,1635.9940185546875,0
GRID_022_062,1880.0,244.96785,200,2,7.674476467013937,2400,22.265837625867363,43.144639354322194,37.50125,127.05000000000008,1,1880.9945068359375,1880.9945068359375,0
GRID_022_063,1168.0,244.96785,200,0,4.767972613549084,2400,18.890405006505148,45.54077362396629,37.50125,127.05560000000008,1,1171.6033935546875,1171.6033935546875,1
GRID_022_064,1324.5,244.96785,200,1,5.406831957744659,2400,15.412331867999058,29.43754273839587,37.50125,127.06120000000008,1,1325.2451171875,1325.2451171875,0
GRID_022_070,757.5,252.56369,200,0,2.9992434779520365,2400,0.0,50.63009816618167,37.50125,127.09480000000008,1,757.6575927734375,757.6575927734375,0
GRID_022_072,1336.0,252.56369,200,0,5.289754833721347,2400,0.0,57.08675293739582,37.50125,127.10600000000008,1,1256.197998046875,1256.197998046875,0
GRID_022_073,1165.0,252.56369,200,1,4.61269789018366,2400,0.0,23.86211851197544,37.50125,127.11160000000008,1,1117.201416015625,1117.201416015625,0
GRID_023_033,1771.0,130.19135,200,1,13.603054273575012,2400,12.867099210486188,66.94019073590555,37.50575,126.88760000000003,1,1768.0538330078125,1768.0538330078125,0
GRID_023_037,864.5,130.19135,200,2,6.640226097970411,2400,27.052621705807653,75.82971855234774,37.50575,126.91000000000004,1,865.3882446289062,865.3882446289062,0
GRID_023_042,730.0,32.587030000000006,200,3,22.401550555543107,2400,41.810997602662816,64.49728287326278,37.50575,126.93800000000005,1,730.9119873046875,730.9119873046875,0
GRID_023_046,1028.5,32.587030000000006,200,2,31.56163663887135,2400,49.40151780933564,60.66813898290694,37.50575,126.96040000000004,1,1030.575927734375,1030.575927734375,0
GRID_023_053,897.5,87.41647,200,0,10.266943975202842,2400,48.419398995342696,76.48615833834967,37.50575,126.99960000000006,1,883.3023681640625,883.3023681640625,0
GRID_023_054,4109.5,87.41647,200,0,47.01059193993992,2400,46.750984985615474,47.61143906874213,37.50575,127.00520000000006,1,4109.775390625,4109.775390625,1
GRID_023_057,2135.5,188.96379,200,3,11.301106947526826,2400,39.99166724525891,69.78832422900894,37.50575,127.02200000000006,1,2131.88720703125,2131.88720703125,0
GRID_023_058,2368.5,188.96379,200,2,12.534147415227013,2400,37.25876634935928,81.49073102895824,37.50575,127.02760000000006,1,2241.88037109375,2241.88037109375,1
GRID_023_059,1112.0,244.96785,200,1,4.539371186872073,2400,34.333679865513474,52.88590159092792,37.50575,127.03320000000006,1,1105.7630615234375,1105.7630615234375,0
GRID_023_060,1173.0,244.96785,200,1,4.788383455216675,2400,31.240930779957697,62.35461229517144,37.50575,127.03880000000008,1,1173.5687255859375,1173.5687255859375,0
GRID_023_061,1986.5,244.96785,200,2,8.10922739453361,2400,28.002122253449144,65.77881387060253,37.50575,127.04440000000008,1,1990.8712158203125,1990.8712158203125,1
GRID_023_062,2940.5,244.96785,200,4,12.00361598470983,2400,24.636082904296885,51.95887871769124,37.50575,127.05000000000008,1,2940.928955078125,2940.928955078125,0
GRID_023_063,3625.0,244.96785,200,2,14.797860209002936,2400,21.159107057258936,86.71602893606538,37.50575,127.05560000000008,1,3623.555419921875,3623.555419921875,0
GRID_023_064,1591.5,244.96785,200,0,6.496770902793979,2400,17.585234332617787,35.870145306256646,37.50575,127.06120000000008,1,1591.95947265625,1591.95947265625,0
GRID_023_068,825.5,252.56369,200,1,3.2684824964348596,2400,2.538056657940487,47.19677612168707,37.50575,127.08360000000008,1,826.5968017578125,826.5968017578125,1
GRID_023_069,1316.0,252.56369,200,1,5.210566887108753,2400,0.0,50.016009774401425,37.50575,127.08920000000008,1,1256.0389404296875,1256.0389404296875,0
GRID_023_070,1066.0,252.56369,200,1,4.220717554451315,2400,0.0,20.60764228072333,37.50575,127.09480000000008,1,1066.13427734375,1066.13427734375,0
GRID_023_071,743.5,252.56369,200,1,2.94381191532322,2400,0.0,22.547432890715147,37.50575,127.10040000000008,1,743.8364868164062,743.8364868164062,0
GRID_023_072,1430.5,252.56369,200,0,5.663917881465859,2400,0.0,32.95328897750604,37.50575,127.10600000000008,1,1432.2303466796875,1432.2303466796875,0
GRID_023_073,745.5,252.56369,200,0,2.9517307099844796,2400,0.0,43.49756872153027,37.50575,127.11160000000008,1,744.5067749023438,744.5067749023438,0
GRID_024_033,904.5,130.19135,200,0,6.947466171907735,2400,14.822641506118243,28.503272847765803,37.51025,126.88760000000003,1,901.6256103515624,901.6256103515624,0
GRID_024_038,779.5,32.587030000000006,200,0,23.92055980554226,2400,32.79132198892596,57.75864543935074,37.51025,126.91560000000004,1,780.2711181640625,780.2711181640625,0
GRID_024_043,898.5,32.587030000000006,200,1,27.572319416651343,2400,47.25201046487536,49.842540502439846,37.51025,126.94360000000005,1,818.8358764648438,818.8358764648438,0
GRID_024_054,726.0,87.41647,200,2,8.305071115317284,2400,50.015026257862814,46.98185560515407,37.51025,127.00520000000006,1,728.5425415039062,728.5425415039062,0
GRID_024_057,2580.5,244.96785,200,0,10.534035384643332,2400,42.86822250267609,77.3532341660394,37.51025,127.02200000000006,1,2580.257568359375,2580.257568359375,0
GRID_024_058,1229.5,244.96785,200,1,5.019025966060444,2400,40.00414680993121,89.2052584721526,37.51025,127.02760000000006,1,1235.7269287109375,1235.7269287109375,0
GRID_024_059,1386.0,244.96785,200,0,5.657885310256019,2400,36.951561478456384,65.24523928388822,37.51025,127.03320000000006,1,1386.9498291015625,1386.9498291015625,0
GRID_024_060,1060.0,244.96785,200,0,4.327098433529135,2400,33.73651382543652,81.39232402934607,37.51025,127.03880000000008,1,1058.6265869140625,1058.6265869140625,0
GRID_024_061,1617.0,244.96785,200,2,6.600866195298689,2400,30.38150820358662,75.66744338413481,37.51025,127.04440000000008,1,1613.2283935546875,1613.2283935546875,0
GRID_024_063,2065.0,244.96785,200,2,8.429677608714776,2400,23.32584268471707,63.10313695898736,37.51025,127.05560000000008,1,2066.090576171875,2066.090576171875,0
GRID_024_064,1939.5,244.96785,200,0,7.917365482858261,2400,19.655531615365604,69.03945074644021,37.51025,127.06120000000008,1,1939.5838623046875,1939.5838623046875,1
GRID_024_067,916.5,101.68479,200,1,9.013147394020285,2400,8.212201246515974,73.55446013370803,37.51025,127.07800000000007,1,916.862060546875,916.862060546875,0
GRID_024_068,3321.5,252.56369,200,1,13.151138233686718,2400,4.282340187346762,48.51459559006974,37.51025,127.08360000000008,1,3321.7412109375,3321.7412109375,0
GRID_024_071,1255.5,252.56369,200,1,4.9710233486056525,2400,0.0,61.65695663865216,37.51025,127.10040000000008,1,1256.7479248046875,1256.7479248046875,0
GRID_024_072,719.5,252.56369,200,0,2.848786379388106,2400,0.0,74.57777645818427,37.51025,127.10600000000008,1,745.7545776367188,745.7545776367188,1
GRID_024_073,1542.0,252.56369,200,0,6.105390683831076,2400,0.0,46.727111646551506,37.51025,127.11160000000008,1,1544.1319580078125,1544.1319580078125,0
GRID_024_074,930.5,252.56369,200,1,3.684219216150983,2400,0.0,56.636961159715,37.51025,127.11720000000008,1,929.548095703125,929.548095703125,0
GRID_024_075,905.5,425.19662000000005,200,0,2.129603005781184,2400,0.0,74.82501716691021,37.51025,127.12280000000008,1,906.7024536132812,906.7024536132812,0
GRID_024_076,837.0,172.63293000000002,200,0,4.848437664818641,2400,0.0,58.34970932890158,37.51025,127.12840000000008,1,837.2036743164062,837.2036743164062,0
GRID_025_034,1109.0,130.19135,200,4,8.518231049912302,2400,20.525314722262593,81.74042592161851,37.51475,126.89320000000004,1,1109.8758544921875,1109.8758544921875,0
GRID_025_035,1535.0,130.19135,200,1,11.7903378373448,2400,24.31347808231912,44.18361094241593,37.51475,126.89880000000004,1,1533.837158203125,1533.837158203125,0
GRID_025_036,724.5,130.19135,200,3,5.5648858391897775,2400,28.02212562185666,42.59653570418567,37.51475,126.90440000000004,1,724.6013793945312,724.6013793945312,1
GRID_025_037,1295.5,130.19135,200,3,9.950737894645076,2400,31.638314824779258,82.70617255442438,37.51475,126.91000000000004,1,1300.4693603515625,1300.4693603515625,0
GRID_025_042,1747.0,32.587030000000006,200,1,53.61028605552576,2400,47.674480413498955,66.41616223683644,37.51475,126.93800000000005,1,1747.5712890625,1747.5712890625,0
GRID_025_043,1013.5,32.587030000000006,200,2,31.10133080553827,2400,50.28772385016337,93.0922313523852,37.51475,126.94360000000005,1,1016.1598510742188,1016.1598510742188,0
GRID_025_056,1531.5,244.96785,200,2,6.251840802782896,2400,48.447324026747374,45.74216059158016,37.51475,127.01640000000006,1,1532.0013427734375,1532.0013427734375,0
GRID_025_057,1545.5,244.96785,200,4,6.308991159452148,2400,45.65848732319164,75.54525168867268,37.51475,127.02200000000006,1,1548.6134033203125,1548.6134033203125,1
GRID_025_058,967.5,244.96785,200,3,3.9494978626787143,2400,42.65488338136992,57.27678050534803,37.51475,127.02760000000006,1,948.8023681640624,948.8023681640624,0
GRID_025_059,1705.0,244.96785,200,3,6.960097008648278,2400,39.46847432944662,57.0464856071293,37.51475,127.03320000000006,1,1703.3170166015625,1703.3170166015625,0
GRID_025_060,1418.0,244.96785,200,3,5.788514696928597,2400,36.126612740464736,73.4383381269036,37.51475,127.03880000000008,1,1430.974853515625,1430.974853515625,1
GRID_025_061,826.5,244.96785,200,0,3.3739121276526696,2400,32.65243582721588,88.5807212371246,37.51475,127.04440000000008,1,827.0137329101562,827.0137329101562,0
GRID_025_064,736.0,244.96785,200,3,3.004475893469286,2400,21.615093289527262,45.50673637498419,37.51475,127.06120000000008,1,745.2881469726562,745.2881469726562,0
GRID_025_071,957.0,252.56369,200,1,3.789143245412672,2400,0.0,22.85584068082019,37.51475,127.10040000000008,1,956.015869140625,956.015869140625,0
GRID_025_072,1984.5,252.56369,200,1,7.857424002634741,2400,0.0,48.42744207023459,37.51475,127.10600000000008,1,1988.078125,1988.078125,0
GRID_025_073,2025.0,425.19662000000005,200,0,4.7625025805708425,2400,0.0,49.26417939714286,37.51475,127.11160000000008,1,2023.8841552734375,2023.8841552734375,0
GRID_026_025,951.5,118.39741,200,0,8.036493365859947,2400,0.0,63.40658103577473,37.51925,126.84280000000004,1,948.55908203125,948.55908203125,0
GRID_026_027,1336.5,118.39741,200,0,11.288253687306169,2400,0.0,24.7175201586374,37.51925,126.85400000000004,1,1336.9481201171875,1336.9481201171875,0
GRID_026_033,1269.0,130.19135,200,0,9.747191345661598,2400,18.3971667158839,33.66619543557722,37.51925,126.88760000000003,1,1269.201416015625,1269.201416015625,0
GRID_026_034,708.5,130.19135,200,3,5.441989809614848,2400,22.339806850643157,55.85138289273286,37.51925,126.89320000000004,1,711.2999877929688,711.2999877929688,0
GRID_026_035,853.5,130.19135,200,2,6.555735077637647,2400,26.221076180283102,41.454536224948974,37.51925,126.89880000000004,1,854.256103515625,854.256103515625,0
GRID_026_036,3723.0,130.19135,200,3,28.596369881716413,2400,30.030761044614877,82.28465962988223,37.51925,126.90440000000004,1,3723.07958984375,3723.07958984375,0
GRID_026_037,1426.0,130.19135,200,4,10.953108635865592,2400,33.75650975381811,61.71436296557478,37.51925,126.91000000000004,1,1429.4923095703125,1429.4923095703125,0
GRID_026_040,2271.0,32.587030000000006,200,3,69.69030316662794,2400,44.26346261206452,98.9786965087426,37.51925,126.92680000000004,1,2270.4736328125,2270.4736328125,1
GRID_026_041,2485.0,32.587030000000006,200,3,76.25733305551317,2400,47.4678155794278,99.1154818637419,37.51925,126.93240000000004,1,2485.10986328125,2485.10986328125,0
GRID_026_057,3200.0,244.96785,200,0,13.062938667257765,2400,48.34847533708494,62.88823974726988,37.51925,127.02200000000006,1,3199.23486328125,3199.23486328125,0
GRID_026_058,1890.0,244.96785,200,3,7.715298150349117,2400,45.197240945329376,93.34905461189348,37.51925,127.02760000000006,1,1890.4822998046875,1890.4822998046875,0
GRID_026_059,1027.0,244.96785,200,0,4.192386878523039,2400,41.8713014079546,45.82205884319312,37.51925,127.03320000000006,1,1026.110107421875,1026.110107421875,0
GRID_026_060,2089.5,244.96785,200,4,8.52969073288597,2400,38.39894806087675,71.60614006166767,37.51925,127.03880000000008,1,2088.862060546875,2088.862060546875,0
GRID_026_061,765.5,244.96785,200,2,3.1248998593080684,2400,34.803570649864014,74.3623123910244,37.51925,127.04440000000008,1,765.6240844726562,765.6240844726562,0
GRID_026_062,804.0,244.96785,200,4,3.2820633401485133,2400,31.104426847525215,69.40299261995705,37.51925,127.05000000000008,1,805.3583984375,805.3583984375,0
GRID_027_025,840.5,118.39741,200,1,7.098972857598828,2400,0.0,60.4319051820688,37.52375,126.84280000000004,1,834.2282104492188,834.2282104492188,0
GRID_027_027,947.0,118.39741,200,0,7.998485777687198,2400,0.0,21.62984499927355,37.52375,126.85400000000004,1,947.2116088867188,947.2116088867188,0
GRID_027_028,1034.0,118.39741,200,0,8.733299149026994,2400,0.0,40.26000609445385,37.52375,126.85960000000004,1,1038.0496826171875,1038.0496826171875,0
GRID_027_029,1076.5,118.39741,200,0,9.092259703991836,2400,3.496644617957898,52.34540723007206,37.52375,126.86520000000004,1,1069.7808837890625,1069.7808837890625,0
GRID_027_030,1047.5,118.39741,200,1,8.847321913545237,2400,7.672227363631748,74.64475583116247,37.52375,126.87080000000005,1,1045.449462890625,1045.449462890625,0
GRID_027_031,1285.5,248.58876,200,1,5.171191167291715,2400,11.81792472393765,50.95124433097387,37.52375,126.87640000000005,1,1281.833740234375,1281.833740234375,0
GRID_027_033,836.5,130.19135,200,1,6.425158046214284,2400,20.001110007730432,32.278678456579144,37.52375,126.88760000000003,1,835.7459106445312,835.7459106445312,0
GRID_027_034,1528.0,130.19135,200,4,11.736570824405767,2400,24.02694161746936,33.34883383814918,37.52375,126.89320000000004,1,1469.1072998046875,1469.1072998046875,0
GRID_027_035,1420.5,130.19135,200,4,10.910863125699212,2400,27.999100005655563,83.31107341009695,37.52375,126.89880000000004,1,1421.3612060546875,1421.3612060546875,1
GRID_027_036,1159.5,130.19135,200,0,8.906121643258173,2400,31.908191388421884,93.274648067217,37.52375,126.90440000000004,1,1160.2662353515625,1160.2662353515625,0
GRID_027_040,2737.0,32.587030000000006,200,4,83.99047105550888,2400,46.639325341627,60.39244544564524,37.52375,126.92680000000004,1,2735.9482421875,2735.9482421875,0
GRID_027_057,1367.5,244.96785,200,4,5.582365196085935,2400,50.92169522076254,66.81307522458206,37.52375,127.02200000000006,1,1367.4154052734375,1367.4154052734375,0
GRID_027_058,2773.5,244.96785,200,4,11.321893873012316,2400,47.615437388441585,59.68071505257291,37.52375,127.02760000000006,1,2774.138916015625,2774.138916015625,1
GRID_027_059,1177.5,244.96785,200,2,4.806753212717505,2400,44.145317116602826,89.19922439423001,37.52375,127.03320000000006,1,1179.7606201171875,1179.7606201171875,0
GRID_027_060,2949.5,244.96785,200,1,12.040355499711492,2400,40.54001681797613,67.7121427649031,37.52375,127.03880000000008,1,2953.6630859375,2953.6630859375,0
GRID_027_061,1853.5,244.96785,200,4,7.566299006175709,2400,36.8226749536887,42.98490620182153,37.52375,127.04440000000008,1,1893.975341796875,1893.975341796875,0
GRID_027_062,1413.5,244.96785,200,0,5.770144939427766,2400,33.01194136259804,42.31056900871474,37.52375,127.05000000000008,1,1410.0189208984375,1410.0189208984375,1
GRID_027_063,935.0,244.96785,200,1,3.8168273918393782,2400,29.12287816221125,84.15139342168536,37.52375,127.05560000000008,1,924.610107421875,924.610107421875,0
GRID_027_077,966.0,172.63293000000002,200,0,5.595687914235134,2400,0.0,71.76623235954779,37.52375,127.13400000000009,1,967.2454833984376,967.2454833984376,0
GRID_028_024,729.5,116.86713,200,1,6.242131555724865,2400,0.0,57.47586441169947,37.52825,126.83720000000002,1,729.6433715820312,729.6433715820312,0
GRID_028_026,728.0,118.39741,200,1,6.148783153280127,2400,0.0,62.148097463315615,37.52825,126.84840000000004,1,732.6918334960938,732.6918334960938,0
GRID_028_028,765.0,118.39741,200,0,6.461289989367167,2400,0.4598653808799753,59.98691998736507,37.52825,126.85960000000004,1,767.9813232421875,767.9813232421875,0
GRID_028_029,757.0,118.39741,200,0,6.393720943726725,2400,4.712972551387054,28.41707628943583,37.52825,126.86520000000004,1,822.0942993164062,822.0942993164062,0
GRID_028_031,1451.5,248.58876,200,1,5.8389606995907615,2400,13.150714453179702,38.42096422712646,37.52825,126.87640000000005,1,1453.0823974609375,1453.0823974609375,0
GRID_028_034,905.0,130.19135,200,3,6.951306672831951,2400,25.57805699932706,74.75662026315904,37.52825,126.89320000000004,1,890.1776123046875,890.1776123046875,0
GRID_028_035,1721.5,130.19135,200,0,13.222844682077572,2400,29.63772601744887,54.68076709346409,37.52825,126.89880000000004,1,1720.2060546875,1720.2060546875,0
GRID_028_039,1693.0,32.587030000000006,200,0,51.95318505552668,2400,45.217214382650525,73.68066244101333,37.52825,126.92120000000004,1,1509.2205810546875,1509.2205810546875,0
GRID_028_047,2273.5,87.41647,200,3,26.007684821864803,2400,67.92945276426906,100.0,37.52825,126.96600000000004,1,2267.951171875,2267.951171875,0
GRID_028_058,996.0,244.96785,200,2,4.065839660183979,2400,49.89149373605029,56.89090431920254,37.52825,127.02760000000006,1,939.2628784179688,939.2628784179688,0
GRID_028_059,1557.5,244.96785,200,2,6.357977179454365,2400,46.27416264026344,73.04312930596123,37.52825,127.03320000000006,1,1553.6290283203125,1553.6290283203125,0
GRID_028_060,2265.5,244.96785,200,3,9.248152359585143,2400,42.53514465339215,82.69022379450206,37.52825,127.03880000000008,1,2266.18505859375,2266.18505859375,1
GRID_028_075,938.5,172.63293000000002,200,0,5.436390380444797,2400,0.0,56.6876220086491,37.52825,127.12280000000008,1,935.5665283203124,935.5665283203124,0
GRID_028_077,1618.0,172.63293000000002,200,0,9.372487624464233,2400,0.0,59.35003546964432,37.52825,127.13400000000009,1,1618.048583984375,1618.048583984375,0
GRID_029_024,1403.0,116.86713,200,0,12.005086460153509,2400,0.0,59.73416035331721,37.53275,126.83720000000002,1,1396.335693359375,1396.335693359375,0
GRID_029_026,1657.5,116.86713,200,0,14.182773205776508,2400,0.0,41.337860615245646,37.53275,126.84840000000004,1,1659.77490234375,1659.77490234375,0
GRID_029_028,1249.5,118.39741,200,1,10.553440315966371,2400,1.5069626826721247,34.52754262099149,37.53275,126.85960000000004,1,1248.2830810546875,1248.2830810546875,0
GRID_029_029,1135.0,118.39741,200,0,9.58635835023756,2400,5.807337865454073,65.66396564689724,37.53275,126.86520000000004,1,1138.9405517578125,1138.9405517578125,1
GRID_029_035,1040.5,130.19135,200,2,7.992082423294635,2400,31.12700384043397,64.20823490074923,37.53275,126.89880000000004,1,1032.0697021484375,1032.0697021484375,0
GRID_029_036,780.0,130.19135,200,2,5.9911814417778135,2400,35.22458491066389,76.40056904699037,37.53275,126.90440000000004,1,782.5260620117188,782.5260620117188,0
GRID_029_046,1018.0,32.587030000000006,200,4,31.23942255553819,2400,69.54927915469031,88.14375640978241,37.53275,126.96040000000004,1,1017.7881469726562,1017.7881469726562,0
GRID_029_048,1486.0,87.41647,200,3,16.99908495504337,2400,72.51883554141952,100.0,37.53275,126.97160000000004,1,1488.8267822265625,1488.8267822265625,0
GRID_029_051,1075.0,87.41647,200,2,12.297453786454655,2400,71.74717005323689,75.27327707594645,37.53275,126.98840000000006,1,1072.6116943359375,1072.6116943359375,0
GRID_029_052,2359.0,87.41647,200,4,26.98576137883399,2400,70.11957162286365,78.05112909937264,37.53275,126.99400000000006,1,2359.73388671875,2359.73388671875,0
GRID_029_053,786.0,87.41647,200,2,8.99144062897987,2400,67.94382430791762,93.94625004285056,37.53275,126.99960000000006,1,786.3385620117188,786.3385620117188,1
GRID_029_054,1275.5,87.41647,200,6,14.59107191127713,2400,65.32295283617495,100.0,37.53275,127.00520000000006,1,1315.408203125,1315.408203125,0
GRID_029_067,1297.0,101.68479,200,0,12.75510329519292,2400,15.56659428869348,37.07977922519148,37.53275,127.07800000000007,1,1297.784912109375,1297.784912109375,0
GRID_029_068,985.5,101.68479,200,0,9.691714955599554,2400,11.310257639280437,51.66940190272571,37.53275,127.08360000000008,1,985.9654541015624,985.9654541015624,0
GRID_029_075,927.0,172.63293000000002,200,1,5.369775048132474,2400,0.0,78.87558520970168,37.53275,127.12280000000008,1,927.7894287109376,927.7894287109376,0
GRID_029_076,712.5,172.63293000000002,200,0,4.127254284567839,2400,0.0,27.088787903269314,37.53275,127.12840000000008,1,712.7452392578125,712.7452392578125,0
GRID_029_077,853.0,172.63293000000002,200,1,4.941119866296655,2400,0.0,64.14086182103716,37.53275,127.13400000000009,1,853.1243896484375,853.1243896484375,1
GRID_029_078,929.0,172.63293000000002,200,0,5.381360323317225,2400,0.0,49.09322220699978,37.53275,127.13960000000009,1,927.5610961914062,927.5610961914062,0
GRID_030_024,847.0,116.86713,200,0,7.247546850855326,2400,0.0,48.31347274512146,37.53725,126.83720000000002,1,843.8775634765625,843.8775634765625,0
GRID_030_029,1030.5,118.39741,200,1,8.7037376915593,2400,6.775445294746902,46.73993869026737,37.53725,126.86520000000004,1,1031.75732421875,1031.75732421875,0
GRID_030_032,778.0,130.19135,200,1,5.975819438080948,2400,19.714260294899717,43.55312333393699,37.53725,126.88200000000003,1,777.9197998046875,777.9197998046875,0
GRID_030_034,1236.0,130.19135,200,0,9.493718284663306,2400,28.237714640659433,35.024493198950275,37.53725,126.89320000000004,1,1235.879638671875,1235.879638671875,0
GRID_030_035,795.5,130.19135,200,4,6.110236970428527,2400,32.45705366216541,51.78243967150456,37.53725,126.89880000000004,1,796.5038452148438,796.5038452148438,0
GRID_030_046,1335.0,87.41647,200,5,15.271721678992527,2400,72.69054376229757,86.38840046786959,37.53725,126.96040000000004,1,1336.2657470703125,1336.2657470703125,0
GRID_030_051,810.5,87.41647,200,7,9.271708180392093,2400,75.16489581256562,64.298648815739,37.53725,126.98840000000006,1,810.3283081054688,810.3283081054688,0
GRID_030_053,1181.0,87.41647,200,4,13.51003992725856,2400,70.91119803082877,77.19490949224956,37.53725,126.99960000000006,1,1184.7650146484375,1184.7650146484375,0
GRID_030_063,1386.5,244.96785,200,3,5.6599263944227785,2400,33.65630097734402,50.99780128766999,37.53725,127.05560000000008,1,1388.394775390625,1388.394775390625,0
GRID_030_065,1272.5,101.68479,200,4,12.514162639269845,2400,25.205337088731355,55.64941930352791,37.53725,127.06680000000009,1,1274.8704833984375,1274.8704833984375,0
GRID_030_066,1081.5,101.68479,200,3,10.635808954318536,2400,20.93780675941818,52.21180753146148,37.53725,127.07240000000009,1,1080.15673828125,1080.15673828125,0
GRID_030_068,1651.0,101.68479,200,1,16.236449915469166,2400,12.339117047506178,42.27999818978689,37.53725,127.08360000000008,1,1649.9676513671875,1649.9676513671875,0
GRID_030_069,828.0,101.68479,200,1,8.142810738951223,2400,8.013905398633398,41.53287123038176,37.53725,127.08920000000008,1,826.6299438476562,826.6299438476562,1
GRID_030_070,2502.0,101.68479,200,0,24.60544984161348,2400,3.6745433438681943,60.08881306566952,37.53725,127.09480000000008,1,2503.2236328125,2503.2236328125,0
GRID_030_075,1839.5,172.63293000000002,200,1,10.655556851175495,2400,0.0,62.258057255758224,37.53725,127.12280000000008,1,1841.52734375,1841.52734375,1
GRID_030_076,1956.5,172.63293000000002,200,1,11.333295449483478,2400,0.0,65.38366233370066,37.53725,127.12840000000008,1,1954.9991455078125,1954.9991455078125,0
GRID_030_077,1280.5,172.63293000000002,200,1,7.417472437037359,2400,0.0,48.782359237299104,37.53725,127.13400000000009,1,1286.92578125,1286.92578125,0
GRID_030_078,1936.5,172.63293000000002,200,1,11.21744269763596,2400,0.0,21.99750639856215,37.53725,127.13960000000009,1,1936.157470703125,1936.157470703125,0
GRID_030_079,917.0,172.63293000000002,200,1,5.311848672208714,2400,0.0,37.05414245966384,37.53725,127.14520000000007,1,916.5988159179688,916.5988159179688,0
GRID_031_024,1151.5,116.86713,200,1,9.85306989227852,2400,0.0,70.31374931753862,37.54175,126.83720000000002,1,1150.022705078125,1150.022705078125,1
GRID_031_025,1297.5,116.86713,200,1,11.102351876015096,2400,0.0,52.23740820542037,37.54175,126.84280000000004,1,1307.3603515625,1307.3603515625,0
GRID_031_043,1210.5,32.587030000000006,200,4,37.14668074997935,2400,66.09733933748505,60.87015472684347,37.54175,126.94360000000005,1,1212.550048828125,1212.550048828125,0
GRID_031_044,2410.5,32.587030000000006,200,6,73.97114741662556,2400,69.62103359232756,100.0,37.54175,126.94920000000003,1,2410.480712890625,2410.480712890625,0
GRID_031_048,1324.0,87.41647,200,7,15.145887268154388,2400,79.54873109072295,100.0,37.54175,126.97160000000004,1,1323.211181640625,1323.211181640625,0
GRID_031_051,786.5,87.41647,200,4,8.99716037492706,2400,78.52297972248641,100.0,37.54175,126.98840000000006,1,797.6311645507812,797.6311645507812,0
GRID_031_062,870.0,244.96785,200,4,3.551486450160705,2400,39.09187246345503,63.79091101459216,37.54175,127.05000000000008,1,869.5748901367188,869.5748901367188,0
GRID_031_063,2108.5,244.96785,200,1,8.607251931222812,2400,34.83891959145572,90.16008364849894,37.54175,127.05560000000008,1,2106.156982421875,2106.156982421875,0
GRID_031_064,818.0,101.68479,200,3,8.044467614084663,2400,30.557407882413145,74.53113838266742,37.54175,127.06120000000008,1,818.5924072265625,818.5924072265625,0
GRID_031_065,1985.0,101.68479,200,1,19.52111028601229,2400,26.252311222586,51.635805217234434,37.54175,127.06680000000009,1,1986.078125,1986.078125,1
GRID_031_066,1305.0,101.68479,200,3,12.833777795086167,2400,21.92753110083484,52.679587675271414,37.54175,127.07240000000009,1,1303.9300537109375,1303.9300537109375,0
GRID_031_068,755.5,101.68479,200,1,7.429823083668659,2400,13.230705891941057,78.9150914385546,37.54175,127.08360000000008,1,787.091552734375,787.091552734375,0
GRID_031_070,905.0,101.68479,200,1,8.90005280042374,2400,4.485217897896376,60.02498958888432,37.54175,127.09480000000008,1,909.8015747070312,909.8015747070312,0
GRID_031_075,1021.0,172.63293000000002,200,1,5.914282981815809,2400,0.0,45.683707770601046,37.54175,127.12280000000008,1,1019.197998046875,1019.197998046875,0
GRID_031_076,1067.0,172.63293000000002,200,1,6.1807443110651015,2400,0.0,44.53435037317332,37.54175,127.12840000000008,1,1068.6116943359375,1068.6116943359375,0
GRID_031_079,1018.0,172.63293000000002,200,1,5.896905069038682,2400,0.0,59.25175141298077,37.54175,127.14520000000007,1,1010.7205200195312,1010.7205200195312,0
GRID_032_024,1056.0,116.86713,200,0,9.035902567300148,2400,0.0,29.94188537637839,37.54625,126.83720000000002,1,1054.2337646484375,1054.2337646484375,0
GRID_032_029,728.0,116.86713,200,0,6.229296466850859,2400,8.317408413632037,74.71487592368157,37.54625,126.86520000000004,1,775.7053833007812,775.7053833007812,0
GRID_032_038,1430.5,161.70832,200,1,8.846174395974185,2400,47.51717995385292,64.21610992502698,37.54625,126.91560000000004,1,1430.8154296875,1430.8154296875,0
GRID_032_039,1438.5,161.70832,200,4,8.895646185675544,2400,51.758590402057045,69.46696577320235,37.54625,126.92120000000004,1,1436.8812255859375,1436.8812255859375,0
GRID_032_042,798.0,65.44063,200,6,12.194259132285248,2400,64.13302354536506,67.42078469365113,37.54625,126.93800000000005,1,801.2479858398438,801.2479858398438,0
GRID_032_043,1269.5,65.44063,200,6,19.399263118341008,2400,68.06584273857146,99.68369802524478,37.54625,126.94360000000005,1,1270.5823974609375,1270.5823974609375,0
GRID_032_044,790.5,65.44063,200,3,12.079651433673543,2400,71.83474480856775,62.71408987504568,37.54625,126.94920000000003,1,790.9262084960938,790.9262084960938,1
GRID_032_045,1675.0,70.84313,200,6,23.643788748464388,2400,75.36438350682606,74.04655284302618,37.54625,126.95480000000003,1,1675.8555908203125,1675.8555908203125,0
GRID_032_047,793.5,87.41647,200,6,9.077236818187693,2400,81.16917420824886,99.2134184725707,37.54625,126.96600000000004,1,796.1563110351562,796.1563110351562,0
GRID_032_048,1059.0,87.41647,200,4,12.114421916144634,2400,83.01016774657346,100.0,37.54625,126.97160000000004,1,1059.1378173828125,1059.1378173828125,0
GRID_032_050,938.5,87.41647,200,7,10.735963142872276,2400,83.3511081449783,100.0,37.54625,126.98280000000004,1,937.2410888671876,937.2410888671876,0
GRID_032_057,878.0,164.75208,200,7,5.329219515771819,2400,61.25106453070283,100.0,37.54625,127.02200000000006,1,878.595458984375,878.595458984375,0
GRID_032_061,1870.0,164.75208,200,1,11.35038780693998,2400,44.46465629882796,72.04312993506383,37.54625,127.04440000000008,1,1927.483642578125,1927.483642578125,0
GRID_032_062,1730.0,164.75208,200,0,10.500626152944472,2400,40.16522750099206,42.978436371442754,37.54625,127.05000000000008,1,1729.5596923828125,1729.5596923828125,1
GRID_032_063,2031.0,164.75208,200,1,12.32761370903481,2400,35.84108479713218,68.39559526022208,37.54625,127.05560000000008,1,2026.3004150390625,2026.3004150390625,0
GRID_032_065,1414.0,101.68479,200,3,13.90571785613168,2400,27.13628063288064,45.90961570240896,37.54625,127.06680000000009,1,1412.9989013671875,1412.9989013671875,0
GRID_032_066,1514.5,101.68479,200,0,14.894066261040614,2400,22.761988632467236,64.91974030027188,37.54625,127.07240000000009,1,1509.50537109375,1509.50537109375,0
GRID_032_077,898.0,172.63293000000002,200,1,5.201788557953572,2400,0.0,57.91909188171858,37.54625,127.13400000000009,1,903.6764526367188,903.6764526367188,0
GRID_032_079,1054.0,172.63293000000002,200,1,6.105440022364214,2400,0.0,43.67471934460745,37.54625,127.14520000000007,1,1046.25439453125,1046.25439453125,0
GRID_033_024,1036.5,116.86713,200,1,8.86904641193807,2400,0.0,38.205114609890536,37.55075,126.83720000000002,1,1037.3458251953125,1037.3458251953125,0
GRID_033_026,978.5,116.86713,200,0,8.372756308809842,2400,0.0,75.66448814142359,37.55075,126.84840000000004,1,973.0070190429688,973.0070190429688,0
GRID_033_029,1678.0,116.86713,200,0,14.35818608705459,2400,8.884591862886552,53.844158448760986,37.55075,126.86520000000004,1,1674.9700927734375,1674.9700927734375,0
GRID_033_037,1233.0,161.70832,200,2,7.624839587721894,2400,44.159871060356224,99.97918776862878,37.55075,126.91000000000004,1,1256.616455078125,1256.616455078125,0
GRID_033_038,2278.0,161.70832,200,3,14.08709211746186,2400,48.51440589838484,83.30998211997843,37.55075,126.91560000000004,1,2278.078125,2278.078125,0
GRID_033_039,3570.5,161.70832,200,0,22.079878141087608,2400,52.845428641577975,88.95218768905079,37.55075,126.92120000000004,1,3568.32568359375,3568.32568359375,1
GRID_033_045,763.0,70.84313,200,6,10.7702751134796,2400,77.56713125793411,87.72528391935458,37.55075,126.95480000000003,1,762.7528076171875,762.7528076171875,0
GRID_033_048,958.5,70.84313,200,5,13.52989344203171,2400,86.39947059855443,100.0,37.55075,126.97160000000004,1,957.2294311523438,957.2294311523438,0
GRID_033_049,734.5,87.41647,200,8,8.402306796419484,2400,87.38375650203696,100.0,37.55075,126.97720000000004,1,734.4248657226562,734.4248657226562,0
GRID_033_062,968.5,164.75208,200,1,5.878529727818914,2400,41.037978324958615,92.05274453881106,37.55075,127.05000000000008,1,970.5595092773438,970.5595092773438,0
GRID_033_069,980.5,101.68479,200,1,9.642543393166273,2400,10.152119668789084,67.37563750115741,37.55075,127.08920000000008,1,971.4262084960938,971.4262084960938,0
GRID_033_076,1771.5,172.63293000000002,200,0,10.261657494893932,2400,0.0,50.833006868163665,37.55075,127.12840000000008,1,1768.4991455078125,1768.4991455078125,0
GRID_033_079,1492.5,172.63293000000002,200,1,8.645511606621053,2400,0.0,42.376776288430975,37.55075,127.14520000000007,1,1491.2386474609375,1491.2386474609375,0
GRID_033_084,765.0,172.63293000000002,200,1,4.431367758167575,2400,0.0,24.40186844390415,37.55075,127.1732000000001,1,764.8902587890625,764.8902587890625,0
GRID_034_027,948.5,116.86713,200,0,8.116054531329725,2400,0.3925705582538938,29.582479349864172,37.55525,126.85400000000004,1,950.4910278320312,950.4910278320312,0
GRID_034_036,1832.5,161.70832,200,0,11.332131828467451,2400,40.436131757617986,86.0403107202118,37.55525,126.90440000000004,1,1835.90283203125,1835.90283203125,0
GRID_034_037,1646.5,161.70832,200,1,10.181912717910867,2400,44.860540445194275,63.489111248310614,37.55525,126.91000000000004,1,1646.4930419921875,1646.4930419921875,1
GRID_034_038,1449.5,161.70832,200,1,8.963669896514912,2400,49.275189502608455,100.0,37.55525,126.91560000000004,1,1447.49462890625,1447.49462890625,0
GRID_034_039,3137.5,161.70832,200,1,19.402217523501577,2400,53.67728850772518,89.9598143334761,37.55525,126.92120000000004,1,3138.875,3138.875,0
GRID_034_040,3078.0,65.44063,200,3,47.034999510243104,2400,58.062885173193045,52.82737979542472,37.55525,126.92680000000004,1,3078.498046875,3078.498046875,0
GRID_034_041,2116.5,65.44063,200,6,32.342292548222716,2400,62.4262006180228,85.33655255619502,37.55525,126.93240000000004,1,2116.921630859375,2116.921630859375,0
GRID_034_042,2347.5,65.44063,200,4,35.87220966546318,2400,66.75845972285032,100.0,37.55525,126.93800000000005,1,2347.39599609375,2347.39599609375,1
GRID_034_043,997.0,65.44063,200,2,15.23518340211578,2400,71.04571879673618,92.47425384251956,37.55525,126.94360000000005,1,997.6137084960938,997.6137084960938,0
GRID_034_045,783.5,65.44063,200,2,11.972684248302622,2400,79.37298858295824,93.1170563454005,37.55525,126.95480000000003,1,782.6981811523438,782.6981811523438,0
GRID_034_048,1066.5,70.84313,200,13,15.054388477753594,2400,89.64556133826657,100.0,37.55525,126.97160000000004,1,1066.33447265625,1066.33447265625,0
GRID_034_055,1667.5,104.78992,200,2,15.91279008515323,2400,72.25945926982115,63.17188104873773,37.55525,127.01080000000006,1,1623.20703125,1623.20703125,0
GRID_034_067,1504.5,101.68479,200,0,14.795723136174052,2400,19.495341749622085,43.53133841535397,37.55525,127.07800000000007,1,1460.5848388671875,1460.5848388671875,0
GRID_034_068,848.0,101.68479,200,0,8.339496988684344,2400,15.041949174837654,65.60313169413219,37.55525,127.08360000000008,1,845.2714233398438,845.2714233398438,0
GRID_034_069,954.0,101.68479,200,1,9.381934112269889,2400,10.585898203853702,83.06261521856435,37.55525,127.08920000000008,1,958.5640869140624,958.5640869140624,0
GRID_034_081,718.5,172.63293000000002,200,1,4.162010110122095,2400,0.0,48.11121789841155,37.55525,127.15640000000008,1,721.0663452148438,721.0663452148438,0
GRID_035_022,2266.0,116.86713,200,0,19.389540925664896,2400,0.0,74.15241044864615,37.55975,126.82600000000002,1,2274.13330078125,2274.13330078125,0
GRID_035_023,3844.5,116.86713,200,1,32.896332784077096,2400,0.0,60.90594920252467,37.55975,126.83160000000002,1,3846.009033203125,3846.009033203125,1
GRID_035_024,2400.5,116.86713,200,1,20.540420561367423,2400,0.0,36.1710489569862,37.55975,126.83720000000002,1,2394.414794921875,2394.414794921875,0
GRID_035_025,1110.5,116.86713,200,1,9.50224412972236,2400,0.0,64.96845989340122,37.55975,126.84280000000004,1,1111.9613037109375,1111.9613037109375,0
GRID_035_026,797.5,116.86713,200,0,6.823988918013131,2400,0.0,63.49344644747203,37.55975,126.84840000000004,1,798.9996337890625,798.9996337890625,0
GRID_035_027,1064.0,116.86713,200,0,9.104356374628178,2400,0.6531329130483101,65.589679092855,37.55975,126.85400000000004,1,1064.3814697265625,1064.3814697265625,0
GRID_035_036,1346.0,161.70832,200,0,8.323628617253584,2400,40.872896231966,84.08797650306475,37.55975,126.90440000000004,1,1343.8768310546875,1343.8768310546875,0
GRID_035_038,839.0,161.70832,200,0,5.188353944929983,2400,49.78878212992338,64.46706892911628,37.55975,126.91560000000004,1,839.2501220703125,839.2501220703125,0
GRID_035_039,1628.5,161.70832,200,4,10.07060119108281,2400,54.24026223855138,58.32936137439799,37.55975,126.92120000000004,1,1590.7691650390625,1590.7691650390625,0
GRID_035_040,2607.0,65.44063,200,2,39.837636037428126,2400,58.68557636857549,73.24023415925214,37.55975,126.92680000000004,1,2603.973388671875,2603.973388671875,1
GRID_035_041,890.0,65.44063,200,2,13.600113568588812,2400,63.122494661418784,89.8638982133241,37.55975,126.93240000000004,1,890.103515625,890.103515625,0
GRID_035_042,1492.5,65.44063,200,2,22.80693202372899,2400,67.5475732803018,100.0,37.55975,126.93800000000005,1,1492.9395751953125,1492.9395751953125,0
GRID_035_043,1562.5,65.44063,200,6,23.87660387743822,2400,71.95520725700237,100.0,37.55975,126.94360000000005,1,1561.1009521484375,1561.1009521484375,0
GRID_035_047,1104.0,70.84313,200,14,15.583727031823692,2400,88.9854641496192,65.68861302819369,37.55975,126.96600000000004,1,1103.6912841796875,1103.6912841796875,0
GRID_035_048,784.5,70.84313,200,12,11.073762551146457,2400,92.5586022818548,100.0,37.55975,126.97160000000004,1,827.1495361328125,827.1495361328125,1
GRID_035_049,4967.0,70.84313,200,9,70.11265594843141,2400,94.5622063297762,73.40887436470115,37.55975,126.97720000000004,1,4967.2392578125,4967.2392578125,0
GRID_035_050,2807.5,175.63305,200,14,15.985032429830262,2400,93.3738699076873,68.9685366711644,37.55975,126.98280000000004,1,2807.6484375,2807.6484375,0
GRID_035_051,898.5,175.63305,200,10,5.115779746465714,2400,90.08120975114484,98.52213985934289,37.55975,126.98840000000006,1,898.4419555664062,898.4419555664062,0
GRID_035_052,1417.0,104.78992,200,13,13.522292983905324,2400,86.10755601050539,100.0,37.55975,126.99400000000006,1,1418.2691650390625,1418.2691650390625,0
GRID_035_053,786.5,104.78992,200,2,7.505492894736441,2400,81.89590101657299,97.20070294679311,37.55975,126.99960000000006,1,786.7418823242188,786.7418823242188,0
GRID_035_059,1210.0,250.47202,200,3,4.830878914139792,2400,55.51106204903359,69.90287981542608,37.55975,127.03320000000006,1,1210.536376953125,1210.536376953125,1
GRID_035_060,1988.5,250.47202,200,1,7.939010513030557,2400,51.0611647052503,74.61741282442848,37.55975,127.03880000000008,1,1990.812744140625,1990.812744140625,0
GRID_035_067,1181.5,101.68479,200,0,11.619240202984145,2400,19.817957122494334,42.494103007507285,37.55975,127.07800000000007,1,1186.103759765625,1186.103759765625,0
GRID_035_069,808.5,101.68479,200,0,7.95104164546143,2400,10.876256811040363,54.64777970063251,37.55975,127.08920000000008,1,808.183349609375,808.183349609375,0
GRID_036_019,736.0,116.86713,200,1,6.29775027417889,2400,0.0,54.25619220883282,37.56425,126.80920000000002,1,728.8042602539062,728.8042602539062,0
GRID_036_026,754.0,116.86713,200,1,6.45177134066696,2400,0.0,77.6541151805859,37.56425,126.84840000000004,1,753.2809448242188,753.2809448242188,0
GRID_036_036,925.5,161.70832,200,2,5.723267671075923,2400,41.09249283838366,40.80630658142609,37.56425,126.90440000000004,1,925.6788330078124,925.6788330078124,0
GRID_036_039,1196.0,161.70832,200,2,7.3960325603531105,2400,54.524362566352465,98.96548831831578,37.56425,126.92120000000004,1,1197.3463134765625,1197.3463134765625,0
GRID_036_040,1846.5,65.44063,200,2,28.21641539820139,2400,59.000468295396026,54.41003265008602,37.56425,126.92680000000004,1,1846.173583984375,1846.173583984375,0
GRID_036_047,1186.0,70.84313,200,13,16.741214003390308,2400,90.23270764237384,85.01252891160416,37.56425,126.96600000000004,1,1185.7921142578125,1185.7921142578125,0
GRID_036_048,1699.5,70.84313,200,9,23.989623270456853,2400,94.57280919815464,84.57604701245349,37.56425,126.97160000000004,1,1700.670654296875,1700.670654296875,0
GRID_036_049,1851.5,70.84313,200,6,26.13520887628765,2400,98.08960737021302,100.0,37.56425,126.97720000000004,1,1852.9053955078125,1852.9053955078125,0
GRID_036_050,3346.0,175.63305,200,10,19.051084064189514,2400,95.75905670867076,100.0,37.56425,126.98280000000004,1,3344.8740234375,3344.8740234375,1
GRID_036_051,2559.0,175.63305,200,6,14.570150663556774,2400,91.4875150513612,100.0,37.56425,126.98840000000006,1,2470.657958984375,2470.657958984375,0
GRID_036_052,3579.5,175.63305,200,10,20.380560492458567,2400,87.0740570943059,100.0,37.56425,126.99400000000006,1,3578.888671875,3578.888671875,0
GRID_036_053,1840.5,104.78992,200,5,17.56371223491725,2400,82.62650294265022,82.06852848646834,37.56425,126.99960000000006,1,1836.0643310546875,1836.0643310546875,1
GRID_036_054,1597.5,104.78992,200,4,15.244786903167787,2400,78.16567839381686,76.55880849479726,37.56425,127.00520000000006,1,1595.6788330078125,1595.6788330078125,0
GRID_036_056,1977.5,104.78992,200,6,18.87108989108876,2400,69.2273108096924,62.627083459244005,37.56425,127.01640000000006,1,1976.83203125,1976.83203125,0
GRID_036_057,1441.5,164.75208,200,4,8.749510173103733,2400,64.75400731992616,100.0,37.56425,127.02200000000006,1,1444.4488525390625,1444.4488525390625,0
GRID_036_059,2045.5,250.47202,200,4,8.166580842043755,2400,55.80333044215936,63.907478279990585,37.56425,127.03320000000006,1,2046.3685302734375,2046.3685302734375,0
GRID_036_063,1171.5,250.47202,200,4,4.67716913050807,2400,37.893910121399166,95.40637469987784,37.56425,127.05560000000008,1,1171.1917724609375,1171.1917724609375,0
GRID_036_065,1280.0,85.71994000000001,200,0,14.932348296090732,2400,28.93719960478346,69.17042021196181,37.56425,127.06680000000009,1,1284.3514404296875,1284.3514404296875,0
GRID_036_067,736.5,101.68479,200,1,7.242971146422193,2400,19.979752562178504,69.56088103278933,37.56425,127.07800000000007,1,737.3583374023438,737.3583374023438,0
GRID_036_068,1310.0,101.68479,200,0,12.882949357519449,2400,15.500826039475951,35.495586594234936,37.56425,127.08360000000008,1,1321.3597412109375,1321.3597412109375,0
GRID_037_020,1014.5,116.86713,200,1,8.680798441785983,2400,0.0,66.86403495551292,37.56875,126.81480000000002,1,1014.6370849609376,1014.6370849609376,0
GRID_037_022,2220.0,116.86713,200,1,18.99593153352872,2400,0.0,26.54793986775948,37.56875,126.82600000000002,1,2220.590576171875,2220.590576171875,0
GRID_037_025,826.0,116.86713,200,1,7.0678556066192435,2400,0.0,33.89421068286206,37.56875,126.84280000000004,1,827.3103637695312,827.3103637695312,0
GRID_037_037,725.0,161.70832,200,3,4.483380941685623,2400,45.570228734670295,72.27610645844877,37.56875,126.91000000000004,1,724.697265625,724.697265625,0
GRID_037_038,781.0,161.70832,200,4,4.829683469595134,2400,50.0475586182583,79.2316148764404,37.56875,126.91560000000004,1,779.1446533203125,779.1446533203125,0
GRID_037_041,1071.0,65.44063,200,4,16.365979361751254,2400,63.4756191017955,82.65077017808383,37.56875,126.93240000000004,1,1068.5987548828125,1068.5987548828125,0
GRID_037_049,2685.5,70.84313,200,9,37.90769831880664,2400,98.08960737020766,96.35052846790944,37.56875,126.97720000000004,1,2685.76318359375,2685.76318359375,0
GRID_037_050,2906.0,175.63305,200,14,16.545860816059392,2400,95.75905670866834,100.0,37.56875,126.98280000000004,1,2906.738525390625,2906.738525390625,0
GRID_037_051,2636.0,175.63305,200,6,15.008564731979543,2400,91.48751505135998,85.45676658058771,37.56875,126.98840000000006,1,2636.252197265625,2636.252197265625,0
GRID_037_052,1364.0,175.63305,200,13,7.766192069203377,2400,87.0740570943051,100.0,37.56875,126.99400000000006,1,1363.5699462890625,1363.5699462890625,0
GRID_037_053,2310.0,104.78992,200,3,22.044105005519615,2400,82.62650294264964,66.32262778550744,37.56875,126.99960000000006,1,2311.920654296875,2311.920654296875,0
GRID_037_054,2659.0,104.78992,200,5,25.37457801284704,2400,78.16567839381639,62.540551880931424,37.56875,127.00520000000006,1,2999.377197265625,2999.377197265625,0
GRID_037_055,3306.5,104.78992,200,6,31.553607446212386,2400,73.69833465343368,64.22178407129773,37.56875,127.01080000000006,1,3305.585205078125,3305.585205078125,0
GRID_037_056,1566.0,104.78992,200,4,14.944185471274338,2400,69.22731080969206,55.51869169621071,37.56875,127.01640000000006,1,1548.3287353515625,1548.3287353515625,1
GRID_037_057,1514.0,250.47202,200,7,6.044587335543508,2400,64.75400731992588,57.83903253891597,37.56875,127.02200000000006,1,1514.0760498046875,1514.0760498046875,0
GRID_037_063,729.0,250.47202,200,2,2.910504734221411,2400,37.893910121399,54.22980343175962,37.56875,127.05560000000008,1,740.81005859375,740.81005859375,0
GRID_037_065,1079.0,85.71994000000001,200,0,12.587502977720234,2400,28.937199604783316,74.47384099891468,37.56875,127.06680000000009,1,1075.677978515625,1075.677978515625,0
GRID_037_066,719.0,101.68479,200,3,7.070870677905712,2400,24.45855177446488,70.31961694027386,37.56875,127.07240000000009,1,750.606201171875,750.606201171875,0
GRID_037_068,753.5,101.68479,200,1,7.410154458695346,2400,15.50082603947584,62.689234614427434,37.56875,127.08360000000008,1,753.1072387695312,753.1072387695312,0
GRID_038_019,948.5,116.86713,200,1,8.116054531329725,2400,0.0,43.13227681833347,37.57325,126.80920000000002,1,949.513916015625,949.513916015625,0
GRID_038_020,731.0,116.86713,200,1,6.254966644598871,2400,0.0,44.72605887825853,37.57325,126.81480000000002,1,733.2391357421875,733.2391357421875,0
GRID_038_048,1716.5,70.84313,200,6,24.229590081635298,2400,92.55860228185068,98.48053734455826,37.57325,126.97160000000004,1,1714.132568359375,1714.132568359375,0
GRID_038_049,822.5,70.84313,200,11,11.610158952604154,2400,94.56220632977056,95.56850181650896,37.57325,126.97720000000004,1,822.605712890625,822.605712890625,1
GRID_038_050,2682.0,175.63305,200,8,15.27047443519315,2400,93.37386990768266,83.0281156501259,37.57325,126.98280000000004,1,2681.9560546875,2681.9560546875,0
GRID_038_051,3630.5,175.63305,200,6,20.670938641673647,2400,90.08120975114176,96.5031548956795,37.57325,126.98840000000006,1,3632.098876953125,3632.098876953125,1
GRID_038_052,1136.0,175.63305,200,7,6.468030931535949,2400,86.10755601050317,100.0,37.57325,126.99400000000006,1,1132.445556640625,1132.445556640625,0
GRID_038_053,1980.0,104.78992,200,6,18.89494714758824,2400,81.8959010165713,95.6404973105332,37.57325,126.99960000000006,1,1979.8336181640625,1979.8336181640625,0
GRID_038_054,1130.0,207.31661,200,7,5.450600412576686,2400,77.57997323814536,60.650054805289415,37.57325,127.00520000000006,1,1129.0164794921875,1129.0164794921875,1
GRID_038_055,1280.0,207.31661,200,6,6.174131440794831,2400,73.21012131414571,100.0,37.57325,127.01080000000006,1,1277.74755859375,1277.74755859375,0
GRID_038_056,1653.5,102.52669,200,7,16.127507871365008,2400,68.80900129839833,70.32565356588114,37.57325,127.01640000000006,1,1653.61962890625,1653.61962890625,0
GRID_038_057,1149.5,352.99871,200,4,3.2563858377839394,2400,64.38820420136241,73.0655044019735,37.57325,127.02200000000006,1,1148.89697265625,1148.89697265625,0
GRID_038_058,1089.5,352.99871,200,4,3.0864135452506325,2400,59.95424616760945,75.2655341004212,37.57325,127.02760000000006,1,1089.8702392578125,1089.8702392578125,0
GRID_038_063,846.5,85.71994000000001,200,4,9.87518190050063,2400,37.68558433228401,46.84724616387887,37.57325,127.05560000000008,1,844.8417358398438,844.8417358398438,0
GRID_038_066,1552.5,85.71994000000001,200,3,18.111305257563178,2400,24.287184704231052,72.9948018038917,37.57325,127.07240000000009,1,1552.6304931640625,1552.6304931640625,0
GRID_038_068,730.5,73.79875,200,1,9.89854164196548,2400,15.347590701676154,72.23129077102877,37.57325,127.08360000000008,1,732.2957153320312,732.2957153320312,0
GRID_039_034,1360.5,161.70832,200,2,8.413296236087296,2400,31.565610983982825,68.96460162722022,37.57775,126.89320000000004,1,1362.478515625,1362.478515625,0
GRID_039_039,787.5,65.44063,200,1,12.033808354228864,2400,53.67728850772407,98.30775944703998,37.57775,126.92120000000004,1,786.4052124023438,786.4052124023438,0
GRID_039_048,2040.0,70.84313,200,11,28.796017341413343,2400,89.64556133826163,100.0,37.57775,126.97160000000004,1,2040.2227783203125,2040.2227783203125,0
GRID_039_050,841.5,70.84313,200,5,11.878357153333004,2400,90.21503193667256,100.0,37.57775,126.98280000000004,1,828.6248168945312,828.6248168945312,0
GRID_039_051,1124.0,175.63305,200,14,6.3997066611324005,2400,87.7434752070226,95.7823947537112,37.57775,126.98840000000006,1,1125.722412109375,1125.722412109375,0
GRID_039_058,723.5,352.99871,200,2,2.04958256079746,2400,59.31213448699419,100.0,37.57775,127.02760000000006,1,723.1083984375,723.1083984375,0
GRID_039_059,779.5,250.47202,200,4,3.1121240608032785,2400,54.93221105928288,88.09461129647929,37.57775,127.03320000000006,1,779.5277099609375,779.5277099609375,0
GRID_039_060,2142.0,250.47202,200,3,8.551853416601183,2400,50.53435939961229,58.81690183405179,37.57775,127.03880000000008,1,2139.088623046875,2139.088623046875,1
GRID_039_061,1055.5,250.47202,200,1,4.214043548656653,2400,46.12296964375786,57.71384270175248,37.57775,127.04440000000008,1,1057.3463134765625,1057.3463134765625,0
GRID_039_063,867.0,85.71994000000001,200,2,10.114332791180209,2400,37.27100829752711,93.58848675909384,37.57775,127.05560000000008,1,867.6358642578125,867.6358642578125,0
GRID_039_068,1039.0,73.79875,200,1,14.07882924846288,2400,15.041949174837043,77.0012220420773,37.57775,127.08360000000008,1,1038.565185546875,1038.565185546875,0
GRID_040_033,1036.5,161.70832,200,1,6.409688753182273,2400,26.59058371029343,34.86757409855143,37.58225,126.88760000000003,1,1038.393310546875,1038.393310546875,0
GRID_040_050,831.0,70.84313,200,7,11.730142358193378,2400,86.8278475562889,76.35393170267453,37.58225,126.98280000000004,1,867.9295043945312,867.9295043945312,0
GRID_040_053,2019.5,207.31661,200,5,9.741139409910282,2400,78.61406069395512,100.0,37.58225,126.99960000000006,1,2021.06787109375,2021.06787109375,0
GRID_040_054,992.5,207.31661,200,7,4.7873636367100545,2400,74.855266953051,64.30118410990454,37.58225,127.00520000000006,1,992.9788818359376,992.9788818359376,0
GRID_040_057,775.5,188.24663,200,5,4.119595660225099,2400,62.612836427405824,81.9098772766978,37.58225,127.02200000000006,1,804.7533569335938,804.7533569335938,0
GRID_040_060,1091.5,250.47202,200,4,4.357772177507092,2400,49.75450666968479,100.0,37.58225,127.03880000000008,1,1125.4759521484375,1125.4759521484375,0
GRID_040_061,1652.0,85.71994000000001,200,0,19.272062019642103,2400,45.40609557828398,89.14200185561047,37.58225,127.04440000000008,1,1645.8140869140625,1645.8140869140625,0
GRID_040_062,1065.5,85.71994000000001,200,1,12.430013366784904,2400,41.0379783249574,66.56733596754823,37.58225,127.05000000000008,1,1064.2357177734375,1064.2357177734375,0
GRID_040_069,1922.0,73.79875,200,0,26.043801554904388,2400,10.152119668788288,32.28324951881312,37.58225,127.08920000000008,1,1923.1031494140625,1923.1031494140625,0
GRID_041_038,1395.0,31.54303,200,0,44.225301120405994,2400,47.517179953851176,100.0,37.58675,126.91560000000004,1,1285.9677734375,1285.9677734375,0
GRID_041_043,825.0,65.44063,200,3,12.60684684728738,2400,68.06584273856858,61.86922094724706,37.58675,126.94360000000005,1,871.73974609375,871.73974609375,0
GRID_041_053,710.0,102.52669,200,5,6.925026059068132,2400,76.31375082454245,60.84730366055873,37.58675,126.99960000000006,1,738.2775268554688,738.2775268554688,0
GRID_041_055,810.5,102.52669,200,5,7.905258620950311,2400,69.16207529675725,89.09449028517781,37.58675,127.01080000000006,1,783.5753173828125,783.5753173828125,0
GRID_041_058,866.0,188.24663,200,4,4.600347958420291,2400,57.14043397321314,64.6448557471324,37.58675,127.02760000000006,1,865.5744018554688,865.5744018554688,0
GRID_041_059,936.5,188.24663,200,2,4.974856654804391,2400,52.96229597434544,94.2597508707138,37.58675,127.03320000000006,1,932.1318969726562,932.1318969726562,0
GRID_041_067,778.5,73.79875,200,1,10.548959162587442,2400,18.37622895252696,71.61436502370773,37.58675,127.07800000000007,1,776.9717407226562,776.9717407226562,0
GRID_041_069,949.0,73.79875,200,0,12.859296397296704,2400,9.576985230463762,66.04011534260854,37.58675,127.08920000000008,1,950.1751098632812,950.1751098632812,0
GRID_042_038,1008.0,31.54303,200,4,31.9563466160353,2400,46.296681666805064,79.4869667957868,37.59125,126.91560000000004,1,1006.2720336914062,1006.2720336914062,0
GRID_042_043,1430.5,96.98366,200,3,14.749907355527723,2400,66.09733933748173,91.88211900885946,37.59125,126.94360000000005,1,1428.13916015625,1428.13916015625,0
GRID_042_055,813.5,102.52669,200,3,7.934519294439331,2400,67.12785982016231,65.74965823729326,37.59125,127.01080000000006,1,811.7205810546875,811.7205810546875,0
GRID_042_056,2826.5,102.52669,200,2,27.568431205571933,2400,63.451971325344694,88.80239644980834,37.59125,127.01640000000006,1,2832.37548828125,2832.37548828125,1
GRID_042_062,1045.0,85.71994000000001,200,3,12.190862476105323,2400,39.09187246345319,49.2864125492809,37.59125,127.05000000000008,1,1042.494873046875,1042.494873046875,0
GRID_042_063,1640.0,85.71994000000001,200,0,19.132071254366252,2400,34.838919591454,40.950015128624344,37.59125,127.05560000000008,1,1639.3311767578125,1639.3311767578125,0
GRID_042_067,1322.0,73.79875,200,1,17.913582547129863,2400,17.586166209729512,36.79848614645201,37.59125,127.07800000000007,1,1304.200439453125,1304.200439453125,0
GRID_042_069,1087.5,73.79875,200,0,14.73602195159132,2400,8.863171000896685,58.86672800501248,37.59125,127.08920000000008,1,1091.6910400390625,1091.6910400390625,0
GRID_043_038,747.5,31.54303,200,2,23.697786801077765,2400,44.86773721316616,95.16967970130192,37.59575,126.91560000000004,1,819.2870483398438,819.2870483398438,0
GRID_043_056,924.5,102.52669,200,6,9.01716421353308,2400,61.38292605590813,64.9852214402556,37.59575,127.01640000000006,1,924.66015625,924.66015625,0
GRID_043_064,1148.0,85.71994000000001,200,1,13.392449878056375,2400,29.44651957550363,91.76060972130831,37.59575,127.06120000000008,1,1153.77490234375,1153.77490234375,0
GRID_043_067,859.0,73.79875,200,1,11.639763546130524,2400,16.647975429445268,36.300710698883705,37.59575,127.07800000000007,1,857.9288940429688,857.9288940429688,1
GRID_043_068,883.5,73.79875,200,0,11.971747488947983,2400,12.339117047504658,71.32135653978804,37.59575,127.08360000000008,1,882.97314453125,882.97314453125,0
GRID_043_069,1123.0,73.79875,200,0,15.217059909551311,2400,8.013905398631948,24.119956166111365,37.59575,127.08920000000008,1,1121.5426025390625,1121.5426025390625,0
GRID_043_070,747.0,73.79875,200,0,10.12212266467928,2400,3.674543343866816,59.35695307372808,37.59575,127.09480000000008,1,752.0564575195312,752.0564575195312,0
GRID_043_071,1026.5,73.79875,200,0,13.909449685800912,2400,0.0,79.55821837370083,37.59575,127.10040000000008,1,1026.343505859375,1026.343505859375,0
GRID_044_037,811.0,31.54303,200,3,25.71090982698872,2400,39.26813027745391,50.255667281308305,37.60025,126.91000000000004,1,812.6315307617188,812.6315307617188,0
GRID_044_038,928.5,31.54303,200,0,29.43597999304442,2400,43.24608912157208,51.88831011722831,37.60025,126.91560000000004,1,956.2899169921876,956.2899169921876,1
GRID_044_039,1337.0,31.54303,200,0,42.38654308099127,2400,47.14365128012735,56.797691810956266,37.60025,126.92120000000004,1,1336.8050537109375,1336.8050537109375,0
GRID_044_040,771.0,31.54303,200,0,24.442800834288903,2400,50.94165106735608,77.94271173159672,37.60025,126.92680000000004,1,842.886962890625,842.886962890625,0
GRID_044_059,1043.0,102.52669,200,4,10.17296081634938,2400,48.23992272025499,100.0,37.60025,127.03320000000006,1,1078.955322265625,1078.955322265625,0
GRID_044_067,1151.5,73.79875,200,0,15.603245312420604,2400,15.566594288691675,80.75280324540269,37.60025,127.07800000000007,1,1149.9456787109375,1149.9456787109375,0
GRID_044_070,896.0,73.79875,200,0,12.141127051609953,2400,2.7372959454004047,21.50265035144827,37.60025,127.09480000000008,1,897.7489013671875,897.7489013671875,0
GRID_044_071,945.5,73.79875,200,0,12.811870119751353,2400,0.0,68.98264746467734,37.60025,127.10040000000008,1,940.7766723632812,940.7766723632812,0
GRID_045_038,823.0,31.54303,200,2,26.091342524798662,2400,41.447746414022845,81.7672579856318,37.60475,126.91560000000004,1,795.43505859375,795.43505859375,0
GRID_045_039,722.5,31.54303,200,4,22.90521868064038,2400,45.21721438264736,78.03306419537108,37.60475,126.92120000000004,1,724.524169921875,724.524169921875,0
GRID_045_057,874.0,102.52669,200,0,8.524609543134574,2400,53.3588164815249,99.52338662401806,37.60475,127.02200000000006,1,877.5133666992188,877.5133666992188,0
GRID_045_059,710.5,102.52669,200,3,6.929902837982968,2400,46.27416264026021,63.32405843891779,37.60475,127.03320000000006,1,715.7864379882812,715.7864379882812,0
GRID_045_061,844.5,85.71994000000001,200,2,9.851850106287989,2400,38.696701556868696,50.3969709200891,37.60475,127.04440000000008,1,846.5868530273438,846.5868530273438,0
GRID_045_067,991.0,73.79875,200,1,13.42841172784092,2400,14.34744603918439,41.73392790798957,37.60475,127.07800000000007,1,989.4786376953124,989.4786376953124,0
GRID_045_070,963.5,73.79875,200,1,13.055776689984588,2400,1.67709524219363,26.212817629506027,37.60475,127.09480000000008,1,965.7645874023438,965.7645874023438,0
GRID_046_038,754.5,31.54303,200,1,23.919705874800233,2400,39.48846060463664,70.79935617366968,37.60925,126.91560000000004,1,771.9337158203125,771.9337158203125,0
GRID_046_040,1811.5,31.54303,200,3,57.4294860068928,2400,46.63932534162335,79.24699997958349,37.60925,126.92680000000004,1,1814.2568359375,1814.2568359375,0
GRID_046_041,1067.5,31.54303,200,2,33.84265874267627,2400,49.99569618525423,67.9499033588429,37.60925,126.93240000000004,1,1066.4080810546875,1066.4080810546875,0
GRID_046_058,970.0,102.52669,200,3,9.46095109478322,2400,47.61543738843787,86.62110362908604,37.60925,127.02760000000006,1,963.1177978515624,963.1177978515624,0
GRID_046_059,759.5,102.52669,200,2,7.407827171636966,2400,44.145317116599344,58.70278079267205,37.60925,127.03320000000006,1,768.827392578125,768.827392578125,1
GRID_046_064,1027.0,73.79875,200,0,13.91622486830739,2400,25.16769681474517,46.92350528060069,37.60925,127.06120000000008,1,1027.126953125,1027.126953125,0
GRID_046_067,869.5,73.79875,200,1,11.782042378766578,2400,12.996321916769134,75.4398540107515,37.60925,127.07800000000007,1,871.577392578125,871.577392578125,0
GRID_047_038,1011.5,31.54303,200,0,32.067306152896535,2400,37.383337680800544,56.876472609812566,37.61375,126.91560000000004,1,1010.7057495117188,1010.7057495117188,0
GRID_047_058,870.5,92.02913,200,0,9.45896152663836,2400,45.197240945325454,66.89271680170272,37.61375,127.02760000000006,1,849.5010375976562,849.5010375976562,0
GRID_047_059,2000.0,92.02913,200,2,21.73224934322426,2400,41.8713014079509,100.0,37.61375,127.03320000000006,1,1999.82421875,1999.82421875,0
GRID_047_065,761.0,73.79875,200,0,10.311827774860683,2400,19.52937430334768,43.519446471795845,37.61375,127.06680000000009,1,759.1538696289062,759.1538696289062,0
GRID_047_067,1319.5,73.79875,200,0,17.87970663459747,2400,11.519267634074652,48.83835800126069,37.61375,127.07800000000007,1,1317.4571533203125,1317.4571533203125,0
GRID_048_038,1155.0,31.54303,200,4,36.61664716420712,2400,35.14657757684107,73.67056733589067,37.61825,126.91560000000004,1,1187.3291015625,1187.3291015625,1
GRID_048_039,2592.0,31.54303,200,3,82.17346272694792,2400,38.528432588741154,89.16073706698484,37.61825,126.92120000000004,1,2592.223388671875,2592.223388671875,0
GRID_048_056,771.5,92.02913,200,0,8.383215184148758,2400,48.44732402674281,84.15530246663779,37.61825,127.01640000000006,1,773.1726684570312,773.1726684570312,0
GRID_048_067,1166.0,73.79875,200,0,15.799725605108488,2400,9.922477831533628,39.92387770130467,37.61825,127.07800000000007,1,1167.4124755859375,1167.4124755859375,0
GRID_049_039,732.0,31.54303,200,3,23.206394566406587,2400,36.04850588143399,80.46333254935415,37.62275,126.92120000000004,1,747.93115234375,747.93115234375,0
GRID_049_058,1007.5,92.02913,200,0,10.947620606649222,2400,40.004146809926944,91.3909496135104,37.62275,127.02760000000006,1,958.2941284179688,958.2941284179688,0
GRID_049_066,893.0,73.79875,200,1,12.10047595657108,2400,12.089418156790686,35.86787591363386,37.62275,127.07240000000009,1,892.3135986328125,892.3135986328125,0
GRID_049_067,1326.5,73.79875,200,1,17.974559189688172,2400,8.212201246513189,72.05214861239205,37.62275,127.07800000000007,1,1324.739013671875,1324.739013671875,1
GRID_050_058,958.5,92.02913,200,0,10.415180497740227,2400,37.25876634935928,65.94004395187608,37.62725,127.02760000000006,1,953.0427856445312,953.0427856445312,0
GRID_050_066,793.5,73.79875,200,0,10.752214637781805,2400,10.19337218216522,80.36204715714513,37.62725,127.07240000000009,1,794.5345458984375,794.5345458984375,0
GRID_050_067,1111.0,73.79875,200,0,15.054455529395824,2400,6.394658272029744,52.48952286553549,37.62725,127.07800000000007,1,1109.09912109375,1109.09912109375,0
GRID_051_057,1632.5,92.02913,200,3,17.7389485264068,2400,37.040648033800906,86.81681673761867,37.63175,127.02200000000006,1,1632.890625,1632.890625,0
GRID_052_057,1359.5,92.02913,200,0,14.77249649105669,2400,34.0251563093648,42.731923140273686,37.63625,127.02200000000006,1,1364.9549560546875,1364.9549560546875,0
GRID_052_058,1474.5,92.02913,200,3,16.022100828292086,2400,31.529989046267065,95.75965830670052,37.63625,127.02760000000006,1,1473.6968994140625,1473.6968994140625,0
GRID_053_057,1512.5,92.02913,200,0,16.435013565813346,2400,30.95363876348183,78.2014603716434,37.64075,127.02200000000006,1,1557.073974609375,1557.073974609375,1
GRID_053_058,2256.0,92.02913,200,3,24.513977259156967,2400,28.56567771719031,44.25516981587031,37.64075,127.02760000000006,1,2214.77978515625,2214.77978515625,0
GRID_053_060,1010.0,92.02913,200,4,10.974785918328251,2400,23.22624406734684,66.19808170774604,37.64075,127.03880000000008,1,1010.3521728515624,1010.3521728515624,0
GRID_053_065,1212.0,142.99764999999996,200,1,8.475663760907961,2400,7.398479494069179,55.510594306552896,37.64075,127.06680000000009,1,1210.0084228515625,1210.0084228515625,0
GRID_054_057,904.5,92.02913,200,1,9.828409765473172,2400,27.833248652833404,91.98623729962029,37.64525,127.02200000000006,1,903.323486328125,903.323486328125,0
GRID_054_059,927.5,92.02913,200,1,10.07833063292025,2400,23.064276178065953,50.85192663650192,37.64525,127.03320000000006,1,922.6170654296876,922.6170654296876,0
GRID_055_059,1116.0,92.02913,200,3,12.126595133519135,2400,20.089640221026883,77.40906505925061,37.64975,127.03320000000006,1,1103.6307373046875,1103.6307373046875,0
GRID_055_064,718.0,142.99764999999996,200,0,5.021061534927323,2400,5.841656768985288,40.42587337413477,37.64975,127.06120000000008,1,718.9387817382812,718.9387817382812,0
GRID_055_067,1717.0,142.99764999999996,200,1,12.007190327952944,2400,0.0,77.9811969333469,37.64975,127.07800000000007,1,1717.7197265625,1717.7197265625,0
GRID_056_061,887.0,225.45116999999996,200,0,3.934333097495126,2400,11.967197022881564,43.00642915549435,37.654250000000005,127.04440000000008,1,887.0054321289062,887.0054321289062,0
GRID_056_062,1368.0,225.45116999999996,200,0,6.067832781706124,2400,9.193612559419137,50.56213452611772,37.654250000000005,127.05000000000008,1,1471.61962890625,1471.61962890625,0
GRID_056_064,2986.5,142.99764999999996,200,0,20.884958598969988,2400,3.2618296637237876,35.61686743731713,37.654250000000005,127.06120000000008,1,2672.541748046875,2672.541748046875,0
GRID_057_060,709.0,225.45116999999996,200,1,3.1448051478286856,2400,11.612842561786737,39.75843822880071,37.658750000000005,127.03880000000008,1,774.7469482421875,774.7469482421875,0
GRID_057_064,937.5,225.45116999999996,200,0,4.158328386585885,2400,0.618544989467722,62.337047928406214,37.658750000000005,127.06120000000008,1,936.1657104492188,936.1657104492188,1
GRID_057_065,1141.0,142.99764999999996,200,0,7.979152104947181,2400,0.0,68.8709529754249,37.658750000000005,127.06680000000009,1,1145.1434326171875,1145.1434326171875,0
GRID_057_066,1675.0,142.99764999999996,200,0,11.713479207525442,2400,0.0,36.16142110014461,37.658750000000005,127.07240000000009,1,1675.6964111328125,1675.6964111328125,0
GRID_058_059,829.5,82.45351999999998,200,1,10.060213317757691,2400,10.88846539304879,76.60421910474373,37.663250000000005,127.03320000000006,1,827.60302734375,827.60302734375,0
GRID_058_060,946.0,82.45351999999998,200,0,11.473130558889425,2400,8.585506619532353,43.191296899555304,37.663250000000005,127.03880000000008,1,878.3888549804688,878.3888549804688,0
GRID_058_065,865.5,142.99764999999996,200,0,6.052547017381056,2400,0.0,36.788332043179366,37.663250000000005,127.06680000000009,1,865.1246337890625,865.1246337890625,0
GRID_058_066,947.0,142.99764999999996,200,1,6.622486453448712,2400,0.0,39.425410953075286,37.663250000000005,127.07240000000009,1,1035.9473876953125,1035.9473876953125,0
GRID_059_060,807.5,82.45351999999998,200,0,9.793396328016078,2400,5.51799324735093,80.6598066054786,37.667750000000005,127.03880000000008,1,809.4010009765625,809.4010009765625,0
GRID_059_061,1206.0,225.45116999999996,200,1,5.3492736365040825,2400,3.135484309225305,47.59772875134569,37.667750000000005,127.04440000000008,1,1202.2857666015625,1202.2857666015625,0
GRID_060_061,736.5,82.45351999999998,200,1,8.932305133849958,2400,0.1055837395882974,22.66995357235118,37.672250000000005,127.04440000000008,1,736.0226440429688,736.0226440429688,0
GRID_061_063,1092.0,82.45351999999998,200,1,13.243825127174684,2400,0.0,31.851728245450463,37.676750000000006,127.05560000000008,1,1173.627685546875,1173.627685546875,0
